item_code,item,unit,item_group,item_category,image_url,http_status,content_type,image_bytes,image_status
1,AYAM BERSIH - STANDARD,1kg,BARANGAN SEGAR,AYAM,https://img.manamurah.com/barang_nobg/1.png,200,image/png,162212,valid
2,AYAM BERSIH - SUPER,1kg,BARANGAN SEGAR,AYAM,https://img.manamurah.com/barang_nobg/2.png,200,image/png,162212,valid
3,AYAM HIDUP,1kg,BARANGAN SEGAR,AYAM,https://img.manamurah.com/barang_nobg/3.png,200,image/png,162212,valid
9,DAGING KAMBING BEBIRI IMPORT BERTULANG (MUTTON) (AUSTRALIA - KOTAK),1kg,BARANGAN SEGAR,DAGING,https://img.manamurah.com/barang_nobg/9.png,200,image/png,162212,valid
10,DAGING KAMBING BEBIRI IMPORT BERTULANG (MUTTON) (NEW ZEALAND - KOTAK),1kg,BARANGAN SEGAR,DAGING,https://img.manamurah.com/barang_nobg/10.png,200,image/png,162212,valid
11,DAGING KAMBING BEBIRI IMPORT TANPA TULANG (MUTTON) (TIDAK TERMASUK PAHA - AUSTRALIA),1kg,BARANGAN SEGAR,DAGING,https://img.manamurah.com/barang_nobg/11.png,200,image/png,162212,valid
12,DAGING KAMBING BEBIRI IMPORT TANPA TULANG (MUTTON) (TIDAK TERMASUK PAHA - NEW ZEALAND),1kg,BARANGAN SEGAR,DAGING,https://img.manamurah.com/barang_nobg/12.png,200,image/png,162212,valid
14,DAGING KERBAU IMPORT (INDIA) * (TOP SIDE),1kg,BARANGAN SEGAR,DAGING,https://img.manamurah.com/barang_nobg/14.png,200,image/png,31166,valid
16,BETIK BIASA,1kg,BARANGAN SEGAR,BUAH-BUAHAN,https://img.manamurah.com/barang_nobg/16.png,200,image/png,162212,valid
18,PISANG BERANGAN,1kg,BARANGAN SEGAR,BUAH-BUAHAN,https://img.manamurah.com/barang_nobg/18.png,200,image/png,162212,valid
19,PISANG EMAS,1kg,BARANGAN SEGAR,BUAH-BUAHAN,https://img.manamurah.com/barang_nobg/19.png,200,image/png,162212,valid
20,TEMBIKAI MERAH BERBIJI,1kg,BARANGAN SEGAR,BUAH-BUAHAN,https://img.manamurah.com/barang_nobg/20.png,200,image/png,162212,valid
21,TEMBIKAI MERAH TANPA BIJI,1kg,BARANGAN SEGAR,BUAH-BUAHAN,https://img.manamurah.com/barang_nobg/21.png,200,image/png,162212,valid
22,DRAGON FRUIT MERAH,1kg,BARANGAN SEGAR,BUAH-BUAHAN,https://img.manamurah.com/barang_nobg/22.png,200,image/png,162212,valid
24,TEMBIKAI SUSU,1kg,BARANGAN SEGAR,BUAH-BUAHAN,https://img.manamurah.com/barang_nobg/24.png,200,image/png,162212,valid
25,NENAS BIASA (JOSAPINE/MORRIS/SARAWAK),1 biji,BARANGAN SEGAR,BUAH-BUAHAN,https://img.manamurah.com/barang_nobg/25.png,200,image/png,63943,valid
26,ANGGUR HIJAU BERBIJI,1kg,BARANGAN SEGAR,BUAH-BUAHAN,https://img.manamurah.com/barang_nobg/26.png,200,image/png,162212,valid
27,ANGGUR MERAH BERBIJI,1kg,BARANGAN SEGAR,BUAH-BUAHAN,https://img.manamurah.com/barang_nobg/27.png,200,image/png,162212,valid
31,LAI KUNING (SAIZ M),1 biji,BARANGAN SEGAR,BUAH-BUAHAN,https://img.manamurah.com/barang_nobg/31.png,200,image/png,162212,valid
38,JAMBU BATU BERBIJI,1kg,BARANGAN SEGAR,BUAH-BUAHAN,https://img.manamurah.com/barang_nobg/38.png,200,image/png,162212,valid
39,JAMBU BATU TANPA BIJI,1kg,BARANGAN SEGAR,BUAH-BUAHAN,https://img.manamurah.com/barang_nobg/39.png,200,image/png,162212,valid
43,IKAN BAWAL HITAM (ANTARA 2 HINGGA 5 EKOR SEKILOGRAM),1kg,BARANGAN SEGAR,BAHAN LAUT,https://img.manamurah.com/barang_nobg/43.png,200,image/png,35327,valid
47,IKAN CENCARU (ANTARA 4 HINGGA 6 EKOR SEKILOGRAM),1kg,BARANGAN SEGAR,BAHAN LAUT,https://img.manamurah.com/barang_nobg/47.png,200,image/png,21738,valid
49,IKAN GELAMA (ANTARA 5 HINGGA 10 EKOR SEKILOGRAM),1kg,BARANGAN SEGAR,BAHAN LAUT,https://img.manamurah.com/barang_nobg/49.png,200,image/png,26546,valid
51,IKAN JENAHAK (b	% 1 KILOGRAM SEEKOR),1kg,BARANGAN SEGAR,BAHAN LAUT,https://img.manamurah.com/barang_nobg/51.png,200,image/png,24432,valid
52,KEPALA IKAN JENAHAK,1kg,BARANGAN SEGAR,BAHAN LAUT,https://img.manamurah.com/barang_nobg/52.png,200,image/png,162212,valid
55,IKAN KEMBUNG KECIL/PELALING (ANTARA 10 HINGGA 18 EKOR SEKILOGRAM),1kg,BARANGAN SEGAR,BAHAN LAUT,https://img.manamurah.com/barang_nobg/55.png,200,image/png,162212,valid
60,IKAN MERAH (b	% 1 KILOGRAM SEEKOR),1kg,BARANGAN SEGAR,BAHAN LAUT,https://img.manamurah.com/barang_nobg/60.png,200,image/png,29932,valid
64,KEPALA IKAN MERAH,1kg,BARANGAN SEGAR,BAHAN LAUT,https://img.manamurah.com/barang_nobg/64.png,200,image/png,162212,valid
65,IKAN KERAPU (ANTARA 2 HINGGA 5 EKOR SEKILOGRAM),1kg,BARANGAN SEGAR,BAHAN LAUT,https://img.manamurah.com/barang_nobg/65.png,200,image/png,29410,valid
66,IKAN PARANG (ANTARA 1 HINGGA 3 EKOR SEKILOGRAM),1kg,BARANGAN SEGAR,BAHAN LAUT,https://img.manamurah.com/barang_nobg/66.png,200,image/png,11470,valid
68,IKAN PARI (KEPINGAN),1kg,BARANGAN SEGAR,BAHAN LAUT,https://img.manamurah.com/barang_nobg/68.png,200,image/png,162212,valid
69,IKAN SELAR KUNING (≥ 11 EKOR SEKILOGRAM),1kg,BARANGAN SEGAR,BAHAN LAUT,https://img.manamurah.com/barang_nobg/69.png,200,image/png,162212,valid
70,IKAN SELAR/PELATA (≤ 7 EKOR SEKILOGRAM),1kg,BARANGAN SEGAR,BAHAN LAUT,https://img.manamurah.com/barang_nobg/70.png,200,image/png,162212,valid
71,IKAN SELAYANG/SARDIN  (≥ 13 EKOR SEKILOGRAM),1kg,BARANGAN SEGAR,BAHAN LAUT,https://img.manamurah.com/barang_nobg/71.png,200,image/png,21288,valid
73,IKAN SENANGIN (ANTARA 2 HINGGA 8 EKOR SEKILOGRAM),1kg,BARANGAN SEGAR,BAHAN LAUT,https://img.manamurah.com/barang_nobg/73.png,200,image/png,23203,valid
78,IKAN TAMBAN BELURU (ANTARA 10 HINGGA 19 EKOR SEKILOGRAM),1kg,BARANGAN SEGAR,BAHAN LAUT,https://img.manamurah.com/barang_nobg/78.png,200,image/png,24631,valid
79,IKAN TENGGIRI PAPAN (ANTARA 1 HINGGA 2 EKOR SEKILOGRAM),1kg,BARANGAN SEGAR,BAHAN LAUT,https://img.manamurah.com/barang_nobg/79.png,200,image/png,15449,valid
82,IKAN TENGGIRI BATANG (ANTARA 1 HINGGA 2 EKOR SEKILOGRAM),1kg,BARANGAN SEGAR,BAHAN LAUT,https://img.manamurah.com/barang_nobg/82.png,200,image/png,15595,valid
83,IKAN TONGKOL/AYA/KAYU HITAM (ANTARA 1 HINGGA 2 EKOR SEKILOGRAM),1kg,BARANGAN SEGAR,BAHAN LAUT,https://img.manamurah.com/barang_nobg/83.png,200,image/png,19175,valid
87,IKAN HARUAN (ANTARA 2 HINGGA 5 EKOR SEKILOGRAM),1kg,BARANGAN SEGAR,IKAN DARAT,https://img.manamurah.com/barang_nobg/87.png,200,image/png,24896,valid
88,IKAN KELI (ANTARA 2 HINGGA 5 EKOR SEKILOGRAM),1kg,BARANGAN SEGAR,IKAN DARAT,https://img.manamurah.com/barang_nobg/88.png,200,image/png,162212,valid
89,IKAN TILAPIA HITAM (ANTARA 2 HINGGA 5 EKOR SEKILOGRAM),1kg,BARANGAN SEGAR,IKAN DARAT,https://img.manamurah.com/barang_nobg/89.png,200,image/png,162212,valid
92,CILI HIJAU,1kg,BARANGAN SEGAR,SAYUR-SAYURAN,https://img.manamurah.com/barang_nobg/92.png,200,image/png,162212,valid
93,CILI MERAH - KULAI,1kg,BARANGAN SEGAR,SAYUR-SAYURAN,https://img.manamurah.com/barang_nobg/93.png,200,image/png,162212,valid
94,CILI MERAH - MINYAK,1kg,BARANGAN SEGAR,SAYUR-SAYURAN,https://img.manamurah.com/barang_nobg/94.png,200,image/png,162212,valid
95,HALIA BASAH (TUA),1kg,BARANGAN SEGAR,SAYUR-SAYURAN,https://img.manamurah.com/barang_nobg/95.png,200,image/png,162212,valid
96,KACANG BENDI,1kg,BARANGAN SEGAR,SAYUR-SAYURAN,https://img.manamurah.com/barang_nobg/96.png,200,image/png,162212,valid
97,KACANG BUNCIS,1kg,BARANGAN SEGAR,SAYUR-SAYURAN,https://img.manamurah.com/barang_nobg/97.png,200,image/png,162212,valid
98,KACANG PANJANG,1kg,BARANGAN SEGAR,SAYUR-SAYURAN,https://img.manamurah.com/barang_nobg/98.png,200,image/png,162200,valid
101,KELAPA BIJI,1 biji,BARANGAN SEGAR,KELAPA,https://img.manamurah.com/barang_nobg/101.png,200,image/png,162212,valid
102,KELAPA PARUT (BIASA),1kg,BARANGAN SEGAR,KELAPA,https://img.manamurah.com/barang_nobg/102.png,200,image/png,162212,valid
103,SANTAN KELAPA SEGAR (BIASA),1kg,BARANGAN SEGAR,KELAPA,https://img.manamurah.com/barang_nobg/103.png,200,image/png,26336,valid
104,KUBIS BULAT IMPORT (CHINA),1kg,BARANGAN SEGAR,SAYUR-SAYURAN,https://img.manamurah.com/barang_nobg/104.png,200,image/png,162212,valid
105,KUBIS BULAT (TEMPATAN),1kg,BARANGAN SEGAR,SAYUR-SAYURAN,https://img.manamurah.com/barang_nobg/105.png,200,image/png,162212,valid
108,KUNYIT HIDUP,1kg,BARANGAN SEGAR,SAYUR-SAYURAN,https://img.manamurah.com/barang_nobg/108.png,200,image/png,162212,valid
109,LOBAK MERAH,1kg,BARANGAN SEGAR,SAYUR-SAYURAN,https://img.manamurah.com/barang_nobg/109.png,200,image/png,162212,valid
112,TERUNG PANJANG,1kg,BARANGAN SEGAR,SAYUR-SAYURAN,https://img.manamurah.com/barang_nobg/112.png,200,image/png,162212,valid
113,TIMUN,1kg,BARANGAN SEGAR,SAYUR-SAYURAN,https://img.manamurah.com/barang_nobg/113.png,200,image/png,162212,valid
114,TOMATO,1kg,BARANGAN SEGAR,SAYUR-SAYURAN,https://img.manamurah.com/barang_nobg/114.png,200,image/png,162212,valid
118,TELUR AYAM GRED A (BERAT 65.0 GM HINGGA 69.9 GM SEBIJI),10 biji,BARANGAN SEGAR,TELUR,https://img.manamurah.com/barang_nobg/118.png,200,image/png,162212,valid
119,TELUR AYAM GRED B (BERAT 60.0 GM HINGGA 64.9 GM),10 biji,BARANGAN SEGAR,TELUR,https://img.manamurah.com/barang_nobg/119.png,200,image/png,162212,valid
120,TELUR AYAM GRED C (BERAT 55.0 GM HINGGA 59.9 GM SEBIJI),10 biji,BARANGAN SEGAR,TELUR,https://img.manamurah.com/barang_nobg/120.png,200,image/png,162212,valid
124,TELUR PUYUH,15 Biji,BARANGAN SEGAR,TELUR,https://img.manamurah.com/barang_nobg/124.png,200,image/png,162212,valid
125,TELUR ITIK,10 biji,BARANGAN SEGAR,TELUR,https://img.manamurah.com/barang_nobg/125.png,200,image/png,162212,valid
129,BAWANG BESAR KUNING/HOLLAND,1kg,BARANGAN KERING,BAWANG,https://img.manamurah.com/barang_nobg/129.png,200,image/png,162212,valid
131,BAWANG KECIL MERAH ROSE IMPORT (INDIA),1kg,BARANGAN KERING,BAWANG,https://img.manamurah.com/barang_nobg/131.png,200,image/png,162212,valid
132,BAWANG KECIL MERAH IMPORT (THAILAND),1kg,BARANGAN KERING,BAWANG,https://img.manamurah.com/barang_nobg/132.png,200,image/png,162212,valid
148,IKAN BILIS GRED B (KOPEK),1kg,BARANGAN KERING,HASIL LAUT KERING,https://img.manamurah.com/barang_nobg/148.png,200,image/png,162212,valid
152,KACANG HIJAU (IMPORT),1kg,BARANGAN KERING,KACANG,https://img.manamurah.com/barang_nobg/152.png,200,image/png,162212,valid
154,SERBUK KUNYIT (TIDAK BERBUNGKUS),100 g,BARANGAN BERBUNGKUS,REMPAH RATUS (TIDAK BERBUNGKUS),https://img.manamurah.com/barang_nobg/154.png,200,image/png,162212,valid
155,SERBUK CILI  (TIDAK BERBUNGKUS),100 g,BARANGAN BERBUNGKUS,REMPAH RATUS (TIDAK BERBUNGKUS),https://img.manamurah.com/barang_nobg/155.png,200,image/png,162212,valid
160,UBI KENTANG RUSSET,1kg,BARANGAN KERING,UBI KENTANG,https://img.manamurah.com/barang_nobg/160.png,200,image/png,162212,valid
171,KORDIAL SUNQUICK (OREN),840 ml,MINUMAN,BAHAN-BAHAN MINUMAN,https://img.manamurah.com/barang_nobg/171.png,200,image/png,162212,valid
180,TEH BOH (UNCANG),100 beg,MINUMAN,BAHAN-BAHAN MINUMAN,https://img.manamurah.com/barang_nobg/180.png,200,image/png,162212,valid
190,SARDIN CAP AYAM (SOS TOMATO),155 g,BARANGAN BERBUNGKUS,IKAN DALAM TIN,https://img.manamurah.com/barang_nobg/190.png,200,image/png,162212,valid
191,SARDIN CAP AYAM (SOS TOMATO),425 g,BARANGAN BERBUNGKUS,IKAN DALAM TIN,https://img.manamurah.com/barang_nobg/191.png,200,image/png,162212,valid
192,SARDIN CAP KING CUP (SOS TOMATO),155 g,BARANGAN BERBUNGKUS,IKAN DALAM TIN,https://img.manamurah.com/barang_nobg/192.png,200,image/png,162212,valid
193,SARDIN CAP KING CUP (SOS TOMATO),425 g,BARANGAN BERBUNGKUS,IKAN DALAM TIN,https://img.manamurah.com/barang_nobg/193.png,200,image/png,162212,valid
195,MACKAREL CAP AYAM (SOS TOMATO),425 g,BARANGAN BERBUNGKUS,IKAN DALAM TIN,https://img.manamurah.com/barang_nobg/195.png,200,image/png,162212,valid
197,MACKAREL CAP KING CUP (SOS TOMATO),425 g,BARANGAN BERBUNGKUS,IKAN DALAM TIN,https://img.manamurah.com/barang_nobg/197.png,200,image/png,162212,valid
199,TUNA CAP TC BOY (SANDWICH DELITE),150 g,BARANGAN BERBUNGKUS,IKAN DALAM TIN,https://img.manamurah.com/barang_nobg/199.png,200,image/png,162212,valid
201,JEM STRAWBERI LADY'S CHOICE,400 g,BARANGAN BERBUNGKUS,SAPUAN (SPREADS),https://img.manamurah.com/barang_nobg/201.png,200,image/png,162212,valid
202,SERI KAYA YEO'S,480 g,BARANGAN BERBUNGKUS,SAPUAN (SPREADS),https://img.manamurah.com/barang_nobg/202.png,200,image/png,162212,valid
203,MAINLAND CHESDALE CHEDDAR CHEESE SPREAD 12 CHEDDAR,250 g,BARANGAN BERBUNGKUS,SAPUAN (SPREADS),https://img.manamurah.com/barang_nobg/203.png,200,image/png,162212,valid
204,KRAFT HI - CALCIUM SINGLES PROCESSED CHEESE 12 SLICES,250 g,BARANGAN BERBUNGKUS,SAPUAN (SPREADS),https://img.manamurah.com/barang_nobg/204.png,200,image/png,162212,valid
205,MARJERIN DAISY,480 g,BARANGAN BERBUNGKUS,SAPUAN (SPREADS),https://img.manamurah.com/barang_nobg/205.png,200,image/png,162212,valid
206,MARJERIN PLANTA,480 g,BARANGAN BERBUNGKUS,SAPUAN (SPREADS),https://img.manamurah.com/barang_nobg/206.png,200,image/png,162212,valid
212,KICAP TAMIN (DARK SOY SAUCE),330 ml,BARANGAN BERBUNGKUS,KICAP DAN SOS,https://img.manamurah.com/barang_nobg/212.png,200,image/png,162212,valid
214,KICAP LEMAK MANIS CAP KIPAS UDANG,345ml,BARANGAN BERBUNGKUS,KICAP DAN SOS,https://img.manamurah.com/barang_nobg/214.png,200,image/png,162212,valid
215,KICAP LEMAK MANIS CAP JALEN,650 ml,BARANGAN BERBUNGKUS,KICAP DAN SOS,https://img.manamurah.com/barang_nobg/215.png,200,image/png,162212,valid
217,SOS TOMATO MAGGI,325 g,BARANGAN BERBUNGKUS,KICAP DAN SOS,https://img.manamurah.com/barang_nobg/217.png,200,image/png,162212,valid
218,SOS CILI LIFE,340 g,BARANGAN BERBUNGKUS,KICAP DAN SOS,https://img.manamurah.com/barang_nobg/218.png,200,image/png,162212,valid
221,DRINHO SOYA (KOTAK),250 ml,MINUMAN,TERSEDIA MINUM,https://img.manamurah.com/barang_nobg/221.png,200,image/png,162212,valid
224,SUSU SEGAR DUTCH LADY,1 liter,MINUMAN,TERSEDIA MINUM,https://img.manamurah.com/barang_nobg/224.png,200,image/png,162212,valid
225,SUSU MARIGOLD HL,1 liter,MINUMAN,TERSEDIA MINUM,https://img.manamurah.com/barang_nobg/225.png,200,image/png,162212,valid
226,YEO'S LAICI (KOTAK),250 ml,MINUMAN,TERSEDIA MINUM,https://img.manamurah.com/barang_nobg/226.png,200,image/png,42158,valid
228,COCA COLA (BOTOL),1.5 liter,MINUMAN,TERSEDIA MINUM,https://img.manamurah.com/barang_nobg/228.png,200,image/png,162212,valid
229,F&N OREN (TIN),325 ml,MINUMAN,TERSEDIA MINUM,https://img.manamurah.com/barang_nobg/229.png,200,image/png,162212,valid
230,F&N OREN (BOTOL),1.5 liter,MINUMAN,TERSEDIA MINUM,https://img.manamurah.com/barang_nobg/230.png,200,image/png,162200,valid
232,MIRINDA OREN (BOTOL),1.5 liter,MINUMAN,TERSEDIA MINUM,https://img.manamurah.com/barang_nobg/232.png,200,image/png,162212,valid
235,JUS OREN PEEL FRESH (MARIGOLD),1 liter,MINUMAN,TERSEDIA MINUM,https://img.manamurah.com/barang_nobg/235.png,200,image/png,162212,valid
236,JUS OREN SUNKIST,1 liter,MINUMAN,TERSEDIA MINUM,https://img.manamurah.com/barang_nobg/236.png,200,image/png,162212,valid
239,RED BULL (BOTOL),150 ml,MINUMAN,TERSEDIA MINUM,https://img.manamurah.com/barang_nobg/239.png,200,image/png,162212,valid
240,LIVITA WITH HONEY (BOTOL),150 ml,MINUMAN,TERSEDIA MINUM,https://img.manamurah.com/barang_nobg/240.png,200,image/png,162212,valid
246,MINYAK JAGUNG CAP MAZOLA,1kg,BARANGAN BERBUNGKUS,MINYAK DAN LEMAK,https://img.manamurah.com/barang_nobg/246.png,200,image/png,162212,valid
254,MINYAK MASAK SEBATIAN CAP RED EAGLE,5 kg,BARANGAN BERBUNGKUS,MINYAK DAN LEMAK,https://img.manamurah.com/barang_nobg/254.png,200,image/png,162212,valid
257,MINYAK MASAK SEBATIAN CAP NEPTUNE,5 kg,BARANGAN BERBUNGKUS,MINYAK DAN LEMAK,https://img.manamurah.com/barang_nobg/257.png,200,image/png,162212,valid
260,MINYAK MASAK SEBATIAN CAP KNIFE,5 kg,BARANGAN BERBUNGKUS,MINYAK DAN LEMAK,https://img.manamurah.com/barang_nobg/260.png,200,image/png,162212,valid
263,MINYAK MASAK TULEN CAP BURUH,5 kg,BARANGAN BERBUNGKUS,MINYAK DAN LEMAK,https://img.manamurah.com/barang_nobg/263.png,200,image/png,162212,valid
266,MINYAK MASAK TULEN CAP SERI MURNI,5 kg,BARANGAN BERBUNGKUS,MINYAK DAN LEMAK,https://img.manamurah.com/barang_nobg/266.png,200,image/png,162212,valid
267,MINYAK MASAK TULEN CAP VESAWIT,1kg,BARANGAN BERBUNGKUS,MINYAK DAN LEMAK,https://img.manamurah.com/barang_nobg/267.png,200,image/png,162212,valid
271,MINYAK SAPI CAP QBB,400 g,BARANGAN BERBUNGKUS,MINYAK DAN LEMAK,https://img.manamurah.com/barang_nobg/271.png,200,image/png,162212,valid
272,ROTI SANDWICH GARDENIA ORIGINAL CLASSIC,400 g,BARANGAN BERBUNGKUS,ROTI,https://img.manamurah.com/barang_nobg/272.png,200,image/png,162212,valid
292,UBAT GIGI COLGATE (PUDINA SEGAR),250 g,PRODUK KEBERSIHAN,PENJAGAAN DIRI,https://img.manamurah.com/barang_nobg/292.png,200,image/png,162212,valid
293,UBAT GIGI DARLIE DOUBLE ACTION (PUDINA ASLI),250 g,PRODUK KEBERSIHAN,PENJAGAAN DIRI,https://img.manamurah.com/barang_nobg/293.png,200,image/png,162212,valid
295,UBAT GIGI FRESH & WHITE (PUDINA SEGAR),160 g,PRODUK KEBERSIHAN,PENJAGAAN DIRI,https://img.manamurah.com/barang_nobg/295.png,200,image/png,162212,valid
299,LACTOGEN 1 RUMUSAN BAYI (KOTAK),650g,SUSU DAN BARANGAN BAYI,SUSU BAYI,https://img.manamurah.com/barang_nobg/299.png,200,image/png,30171,valid
300,LACTOGEN 2 RUMUSAN SUSULAN (KOTAK),650g,SUSU DAN BARANGAN BAYI,SUSU BAYI,https://img.manamurah.com/barang_nobg/300.png,200,image/png,33994,valid
303,ENFAGROW A+ MIND PRO LANGKAH 3 VANILLA (KOTAK),600 g,SUSU DAN BARANGAN BAYI,SUSU BAYI,https://img.manamurah.com/barang_nobg/303.png,200,image/png,32415,valid
320,SUSU SEJAT PENUH KRIM CAP IDEAL,390g,BARANGAN BERBUNGKUS,KRIMER DAN SUSU TEPUNG,https://img.manamurah.com/barang_nobg/320.png,200,image/png,162212,valid
327,SUSU TEPUNG ISIAN KURANG LEMAK 'OMEGA PLUS',1kg,BARANGAN BERBUNGKUS,KRIMER DAN SUSU TEPUNG,https://img.manamurah.com/barang_nobg/327.png,200,image/png,162212,valid
332,SUSU TEPUNG SEGERA FERNLEAF (INSTANT),550 g,BARANGAN BERBUNGKUS,KRIMER DAN SUSU TEPUNG,https://img.manamurah.com/barang_nobg/332.png,200,image/png,162212,valid
334,SUSU ANLENE ACTIFIT 3X PERISA ASLI,600 g,BARANGAN BERBUNGKUS,KRIMER DAN SUSU TEPUNG,https://img.manamurah.com/barang_nobg/334.png,200,image/png,162212,valid
335,SUSU ANLENE GOLD 5X,600 g,BARANGAN BERBUNGKUS,KRIMER DAN SUSU TEPUNG,https://img.manamurah.com/barang_nobg/335.png,200,image/png,162212,valid
336,ANMUM MATERNA (BIASA/COKLAT),650g,BARANGAN BERBUNGKUS,KRIMER DAN SUSU TEPUNG,https://img.manamurah.com/barang_nobg/336.png,200,image/png,37834,valid
343,KULIT KAYU MANIS,100 g,BARANGAN BERBUNGKUS,REMPAH RATUS (TIDAK BERBUNGKUS),https://img.manamurah.com/barang_nobg/343.png,200,image/png,162212,valid
344,SUSU TEPUNG SEGERA EVERYDAY,550 g,BARANGAN BERBUNGKUS,KRIMER DAN SUSU TEPUNG,https://img.manamurah.com/barang_nobg/344.png,200,image/png,162212,valid
345,SUSU TEPUNG ISIAN KURANG LEMAK 'OMEGA PLUS',600 g,BARANGAN BERBUNGKUS,KRIMER DAN SUSU TEPUNG,https://img.manamurah.com/barang_nobg/345.png,200,image/png,162212,valid
346,REMPAH KURMA (TIDAK BERBUNGKUS),100 g,BARANGAN BERBUNGKUS,REMPAH RATUS (TIDAK BERBUNGKUS),https://img.manamurah.com/barang_nobg/346.png,200,image/png,162212,valid
347,REMPAH SUP (TIDAK BERBUNGKUS),100 g,BARANGAN BERBUNGKUS,REMPAH RATUS (TIDAK BERBUNGKUS),https://img.manamurah.com/barang_nobg/347.png,200,image/png,162212,valid
350,SERBUK KARI IKAN BABAS,250 g,BARANGAN BERBUNGKUS,REMPAH RATUS (BERBUNGKUS),https://img.manamurah.com/barang_nobg/350.png,200,image/png,162212,valid
360,SUP BUNJUT ADABI,8 g,BARANGAN BERBUNGKUS,REMPAH RATUS (BERBUNGKUS),https://img.manamurah.com/barang_nobg/360.png,200,image/png,162212,valid
361,SUP PUNJUT MAK SITI,10 g,BARANGAN BERBUNGKUS,REMPAH RATUS (BERBUNGKUS),https://img.manamurah.com/barang_nobg/361.png,200,image/png,162212,valid
364,SERBUK CILI BABAS,250 g,BARANGAN BERBUNGKUS,REMPAH RATUS (BERBUNGKUS),https://img.manamurah.com/barang_nobg/364.png,200,image/png,162212,valid
365,SERBUK KUNYIT CAMPURAN (SEBATIAN) ADABI,250 g,BARANGAN BERBUNGKUS,REMPAH RATUS (BERBUNGKUS),https://img.manamurah.com/barang_nobg/365.png,200,image/png,162212,valid
367,SERBUK KUNYIT BABAS,250 g,BARANGAN BERBUNGKUS,REMPAH RATUS (BERBUNGKUS),https://img.manamurah.com/barang_nobg/367.png,200,image/png,162212,valid
368,KACANG TANAH (IMPORT),1kg,BARANGAN KERING,KACANG,https://img.manamurah.com/barang_nobg/368.png,200,image/png,162212,valid
388,KRIMER MANIS CAP JUNJUNG,500 g,BARANGAN BERBUNGKUS,KRIMER DAN SUSU TEPUNG,https://img.manamurah.com/barang_nobg/388.png,200,image/png,162212,valid
716,CILI API/PADI HIJAU,1kg,BARANGAN SEGAR,SAYUR-SAYURAN,https://img.manamurah.com/barang_nobg/716.png,200,image/png,162212,valid
843,ANMUM LACTA (BIASA),650g,BARANGAN BERBUNGKUS,KRIMER DAN SUSU TEPUNG,https://img.manamurah.com/barang_nobg/843.png,200,image/png,162212,valid
845,SOTONG (ANTARA 11 HINGGA17 EKOR SEKILOGRAM),1kg,BARANGAN SEGAR,BAHAN LAUT,https://img.manamurah.com/barang_nobg/845.png,200,image/png,25403,valid
847,KETAM RENJONG/BUNGA (≤ 4 EKOR SEKILOGRAM),1kg,BARANGAN SEGAR,BAHAN LAUT,https://img.manamurah.com/barang_nobg/847.png,200,image/png,43457,valid
849,UDANG PUTIH KECIL (b	% 61 EKOR SEKILOGRAM),1kg,BARANGAN SEGAR,BAHAN LAUT,https://img.manamurah.com/barang_nobg/849.png,200,image/png,50996,valid
850,UDANG HARIMAU (ANTARA 20 HINGGA 30 EKOR SEKILOGRAM),1kg,BARANGAN SEGAR,BAHAN LAUT,https://img.manamurah.com/barang_nobg/850.png,200,image/png,21111,valid
861,UBI KENTANG HOLLAND,1kg,BARANGAN KERING,UBI KENTANG,https://img.manamurah.com/barang_nobg/861.png,200,image/png,162212,valid
863,JINTAN MANIS (KASAR),100 g,BARANGAN BERBUNGKUS,REMPAH RATUS (TIDAK BERBUNGKUS),https://img.manamurah.com/barang_nobg/863.png,200,image/png,162212,valid
864,BUNGA CENGKIH,100 g,BARANGAN BERBUNGKUS,REMPAH RATUS (TIDAK BERBUNGKUS),https://img.manamurah.com/barang_nobg/864.png,200,image/png,162212,valid
865,BUNGA LAWANG,100 g,BARANGAN BERBUNGKUS,REMPAH RATUS (TIDAK BERBUNGKUS),https://img.manamurah.com/barang_nobg/865.png,200,image/png,162212,valid
866,BUAH PELAGA,100 g,BARANGAN BERBUNGKUS,REMPAH RATUS (TIDAK BERBUNGKUS),https://img.manamurah.com/barang_nobg/866.png,200,image/png,162212,valid
867,BUAH KERAS,100 g,BARANGAN BERBUNGKUS,REMPAH RATUS (TIDAK BERBUNGKUS),https://img.manamurah.com/barang_nobg/867.png,200,image/png,162200,valid
868,BUAH PALA,100 g,BARANGAN BERBUNGKUS,REMPAH RATUS (TIDAK BERBUNGKUS),https://img.manamurah.com/barang_nobg/868.png,200,image/png,162212,valid
869,BIJI SAWI,100 g,BARANGAN BERBUNGKUS,REMPAH RATUS (TIDAK BERBUNGKUS),https://img.manamurah.com/barang_nobg/869.png,200,image/png,162212,valid
870,BIJI KETUMBAR,100 g,BARANGAN BERBUNGKUS,REMPAH RATUS (TIDAK BERBUNGKUS),https://img.manamurah.com/barang_nobg/870.png,200,image/png,162212,valid
871,LADA HITAM,100 g,BARANGAN BERBUNGKUS,REMPAH RATUS (TIDAK BERBUNGKUS),https://img.manamurah.com/barang_nobg/871.png,200,image/png,162212,valid
873,LADA PUTIH,100 g,BARANGAN BERBUNGKUS,REMPAH RATUS (TIDAK BERBUNGKUS),https://img.manamurah.com/barang_nobg/873.png,200,image/png,162212,valid
883,KRIMER MANIS BERVITAMIN CAP F&N,500 g,BARANGAN BERBUNGKUS,KRIMER DAN SUSU TEPUNG,https://img.manamurah.com/barang_nobg/883.png,200,image/png,162212,valid
884,KRIMER MANIS CAP GOLD COIN,500 g,BARANGAN BERBUNGKUS,KRIMER DAN SUSU TEPUNG,https://img.manamurah.com/barang_nobg/884.png,200,image/png,162212,valid
896,HALBA,100 g,BARANGAN BERBUNGKUS,REMPAH RATUS (TIDAK BERBUNGKUS),https://img.manamurah.com/barang_nobg/896.png,200,image/png,162212,valid
904,BERAS SUPER CAP RAMBUTAN 5% (IMPORT),10 kg,BARANGAN BERBUNGKUS,BERAS,https://img.manamurah.com/barang_nobg/904.png,200,image/png,162212,valid
910,KORDIAL F&N (PELBAGAI PERISA),2 liter,MINUMAN,BAHAN-BAHAN MINUMAN,https://img.manamurah.com/barang_nobg/910.png,200,image/png,162212,valid
917,"TEPUNG GANDUM NGP (BERBUNGKUS, CAP SAUH)",1kg,BARANGAN BERBUNGKUS,TEPUNG,https://img.manamurah.com/barang_nobg/917.png,200,image/png,162212,valid
918,MINYAK MASAK PAKET (PELBAGAI JENAMA),1kg,BARANGAN BERBUNGKUS,MINYAK DAN LEMAK,https://img.manamurah.com/barang_nobg/918.png,200,image/png,162212,valid
919,SUSU TEPUNG PENUH KRIM DUTCHLADY,600 g,BARANGAN BERBUNGKUS,KRIMER DAN SUSU TEPUNG,https://img.manamurah.com/barang_nobg/919.png,200,image/png,162212,valid
929,NESCAFE CLASSIC (PAKET),200 g,MINUMAN,BAHAN-BAHAN MINUMAN,https://img.manamurah.com/barang_nobg/929.png,200,image/png,162212,valid
957,SOS CILI KIMBALL,340 g,BARANGAN BERBUNGKUS,KICAP DAN SOS,https://img.manamurah.com/barang_nobg/957.png,200,image/png,162212,valid
992,BERAS CAP JATI (SST5%),10 kg,BARANGAN BERBUNGKUS,BERAS,https://img.manamurah.com/barang_nobg/992.png,200,image/png,161411,valid
1017,FISHERMAN'S FRIEND ORIGINAL,25 g,BARANGAN KEDAI SERBANEKA,UBAT-UBATAN,https://img.manamurah.com/barang_nobg/1017.png,200,image/png,162212,valid
1019,MINYAK ANGIN CAP KAPAK,3 ml,BARANGAN KEDAI SERBANEKA,UBAT-UBATAN,https://img.manamurah.com/barang_nobg/1019.png,200,image/png,162212,valid
1020,VICKS VAPORUB,10 g,BARANGAN KEDAI SERBANEKA,UBAT-UBATAN,https://img.manamurah.com/barang_nobg/1020.png,200,image/png,162212,valid
1025,LISTERINE COOL MINT,250 ml,BARANGAN KEDAI SERBANEKA,MOUTH WASH,https://img.manamurah.com/barang_nobg/1025.png,200,image/png,162212,valid
1050,MAGGI MEE CURRY,79 g,BARANGAN KEDAI SERBANEKA,MAKANAN SEGERA,https://img.manamurah.com/barang_nobg/1050.png,200,image/png,162212,valid
1063,KINDER BUENO - MILK & HAZELNUT,43 g,BARANGAN KEDAI SERBANEKA,COKLAT,https://img.manamurah.com/barang_nobg/1063.png,200,image/png,35878,valid
1070,SOS CILI MAGGI,340 g,BARANGAN BERBUNGKUS,KICAP DAN SOS,https://img.manamurah.com/barang_nobg/1070.png,200,image/png,162212,valid
1080,SERBUK PENAIK ROYAL (TIN),226g,BARANGAN BERBUNGKUS,ESEN DAN RAGI,https://img.manamurah.com/barang_nobg/1080.png,200,image/png,162212,valid
1081,MACKAREL CAP KING CUP (SOS TOMATO),155 g,BARANGAN BERBUNGKUS,IKAN DALAM TIN,https://img.manamurah.com/barang_nobg/1081.png,200,image/png,162212,valid
1082,MACKAREL CAP AYAM (SOS TOMATO),155 g,BARANGAN BERBUNGKUS,IKAN DALAM TIN,https://img.manamurah.com/barang_nobg/1082.png,200,image/png,162212,valid
1084,TEH BOH (SERBUK),500 g,MINUMAN,BAHAN-BAHAN MINUMAN,https://img.manamurah.com/barang_nobg/1084.png,200,image/png,162212,valid
1086,MINYAK JAGUNG CAP DAISY,1kg,BARANGAN BERBUNGKUS,MINYAK DAN LEMAK,https://img.manamurah.com/barang_nobg/1086.png,200,image/png,162212,valid
1087,MINYAK JAGUNG CAP DAISY,3 kg,BARANGAN BERBUNGKUS,MINYAK DAN LEMAK,https://img.manamurah.com/barang_nobg/1087.png,200,image/png,162212,valid
1088,MINYAK JAGUNG CAP MAZOLA,3 kg,BARANGAN BERBUNGKUS,MINYAK DAN LEMAK,https://img.manamurah.com/barang_nobg/1088.png,200,image/png,162212,valid
1089,MINYAK JAGUNG CAP VECORN,3 kg,BARANGAN BERBUNGKUS,MINYAK DAN LEMAK,https://img.manamurah.com/barang_nobg/1089.png,200,image/png,162212,valid
1090,MINYAK JAGUNG CAP VECORN,1kg,BARANGAN BERBUNGKUS,MINYAK DAN LEMAK,https://img.manamurah.com/barang_nobg/1090.png,200,image/png,162212,valid
1091,MINYAK MASAK SEBATIAN CAP RED EAGLE,1kg,BARANGAN BERBUNGKUS,MINYAK DAN LEMAK,https://img.manamurah.com/barang_nobg/1091.png,200,image/png,162212,valid
1092,MINYAK MASAK SEBATIAN CAP NEPTUNE,1kg,BARANGAN BERBUNGKUS,MINYAK DAN LEMAK,https://img.manamurah.com/barang_nobg/1092.png,200,image/png,162212,valid
1093,MINYAK MASAK SEBATIAN CAP KNIFE,1kg,BARANGAN BERBUNGKUS,MINYAK DAN LEMAK,https://img.manamurah.com/barang_nobg/1093.png,200,image/png,162212,valid
1094,MINYAK MASAK TULEN CAP BURUH,1kg,BARANGAN BERBUNGKUS,MINYAK DAN LEMAK,https://img.manamurah.com/barang_nobg/1094.png,200,image/png,162212,valid
1095,MINYAK MASAK TULEN CAP VESAWIT,5 kg,BARANGAN BERBUNGKUS,MINYAK DAN LEMAK,https://img.manamurah.com/barang_nobg/1095.png,200,image/png,162212,valid
1097,SOS CILI MAGGI,500 g,BARANGAN BERBUNGKUS,KICAP DAN SOS,https://img.manamurah.com/barang_nobg/1097.png,200,image/png,162212,valid
1100,MINYAK MASAK TULEN CAP SERI MURNI,1kg,BARANGAN BERBUNGKUS,MINYAK DAN LEMAK,https://img.manamurah.com/barang_nobg/1100.png,200,image/png,162212,valid
1101,MINYAK MASAK TULEN CAP SERI MURNI,2 kg,BARANGAN BERBUNGKUS,MINYAK DAN LEMAK,https://img.manamurah.com/barang_nobg/1101.png,200,image/png,162212,valid
1105,SUSU ANLENE ACTIFIT 3X COKLAT,600 g,BARANGAN BERBUNGKUS,KRIMER DAN SUSU TEPUNG,https://img.manamurah.com/barang_nobg/1105.png,200,image/png,162212,valid
1109,TELUR AYAM GRED A,30 biji,BARANGAN SEGAR,TELUR,https://img.manamurah.com/barang_nobg/1109.png,200,image/png,162212,valid
1110,TELUR AYAM GRED B,30 biji,BARANGAN SEGAR,TELUR,https://img.manamurah.com/barang_nobg/1110.png,200,image/png,162212,valid
1111,TELUR AYAM GRED C,30 biji,BARANGAN SEGAR,TELUR,https://img.manamurah.com/barang_nobg/1111.png,200,image/png,162212,valid
1114,SOS TIRAM KIMBALL,510 g,BARANGAN BERBUNGKUS,KICAP DAN SOS,https://img.manamurah.com/barang_nobg/1114.png,200,image/png,162212,valid
1115,KICAP LEMAK MASIN CAP KIPAS UDANG,345ml,BARANGAN BERBUNGKUS,KICAP DAN SOS,https://img.manamurah.com/barang_nobg/1115.png,200,image/png,162212,valid
1116,SOS TIRAM NONA,510 g,BARANGAN BERBUNGKUS,KICAP DAN SOS,https://img.manamurah.com/barang_nobg/1116.png,200,image/png,162212,valid
1117,SOS TIRAM ADABI,510 g,BARANGAN BERBUNGKUS,KICAP DAN SOS,https://img.manamurah.com/barang_nobg/1117.png,200,image/png,162212,valid
1125,SERBUK CILI KIJANG,250 g,BARANGAN BERBUNGKUS,REMPAH RATUS (BERBUNGKUS),https://img.manamurah.com/barang_nobg/1125.png,200,image/png,162212,valid
1127,AYAM BELANDA IMPORT,1kg,BARANGAN SEGAR,AYAM,https://img.manamurah.com/barang_nobg/1127.png,200,image/png,162212,valid
1128,LADA BENGGALA HIJAU (CAPSICUM),1kg,BARANGAN SEGAR,SAYUR-SAYURAN,https://img.manamurah.com/barang_nobg/1128.png,200,image/png,162212,valid
1129,LADA BENGGALA MERAH (CAPSICUM),1kg,BARANGAN SEGAR,SAYUR-SAYURAN,https://img.manamurah.com/barang_nobg/1129.png,200,image/png,162212,valid
1130,LADA BENGGALA KUNING (CAPSICUM),1kg,BARANGAN SEGAR,SAYUR-SAYURAN,https://img.manamurah.com/barang_nobg/1130.png,200,image/png,162212,valid
1131,UBI KENTANG IMPORT (CHINA),1kg,BARANGAN KERING,UBI KENTANG,https://img.manamurah.com/barang_nobg/1131.png,200,image/png,162212,valid
1132,LIMAU NIPIS,1kg,BARANGAN SEGAR,BUAH-BUAHAN,https://img.manamurah.com/barang_nobg/1132.png,200,image/png,162212,valid
1135,KICAP MANIS ADABI,340ml,BARANGAN BERBUNGKUS,KICAP DAN SOS,https://img.manamurah.com/barang_nobg/1135.png,200,image/png,162212,valid
1136,KICAP MASIN ADABI,340ml,BARANGAN BERBUNGKUS,KICAP DAN SOS,https://img.manamurah.com/barang_nobg/1136.png,200,image/png,162212,valid
1137,SOS CILI THAI LIFE,360g,BARANGAN BERBUNGKUS,KICAP DAN SOS,https://img.manamurah.com/barang_nobg/1137.png,200,image/png,162212,valid
1138,SOS TIRAM MAGGI,340 g,BARANGAN BERBUNGKUS,KICAP DAN SOS,https://img.manamurah.com/barang_nobg/1138.png,200,image/png,162200,valid
1139,SOS TOMATO LIFE,330 g,BARANGAN BERBUNGKUS,KICAP DAN SOS,https://img.manamurah.com/barang_nobg/1139.png,200,image/png,162212,valid
1140,MARJERIN PLANTA,240 g,BARANGAN BERBUNGKUS,SAPUAN (SPREADS),https://img.manamurah.com/barang_nobg/1140.png,200,image/png,162212,valid
1141,MARJERIN DAISY,240 g,BARANGAN BERBUNGKUS,SAPUAN (SPREADS),https://img.manamurah.com/barang_nobg/1141.png,200,image/png,162212,valid
1142,SARDIN CAP ADABI (SOS TOMATO DENGAN CILI),425 g,BARANGAN BERBUNGKUS,IKAN DALAM TIN,https://img.manamurah.com/barang_nobg/1142.png,200,image/png,162212,valid
1144,MENTEGA KACANG HALUS LADY'S CHOICE,340 g,BARANGAN BERBUNGKUS,SAPUAN (SPREADS),https://img.manamurah.com/barang_nobg/1144.png,200,image/png,162212,valid
1145,NESTLE CERELAC BERAS - TIN,500 g,SUSU DAN BARANGAN BAYI,MAKANAN BAYI,https://img.manamurah.com/barang_nobg/1145.png,200,image/png,162212,valid
1151,SANTAN KELAPA JENAMA AYAM BRAND,1 liter,BARANGAN BERBUNGKUS,SANTAN (KOTAK),https://img.manamurah.com/barang_nobg/1151.png,200,image/png,162212,valid
1153,PERENCAH TOM YAM ADABI,40 g,BARANGAN BERBUNGKUS,REMPAH RATUS (BERBUNGKUS),https://img.manamurah.com/barang_nobg/1153.png,200,image/png,162212,valid
1157,NASI PUTIH KOSONG,sepinggan,MAKANAN SIAP MASAK,NASI,https://img.manamurah.com/barang_nobg/1157.png,200,image/png,40056,valid
1158,NASI AYAM,sepinggan,MAKANAN SIAP MASAK,NASI,https://img.manamurah.com/barang_nobg/1158.png,200,image/png,71422,valid
1159,NASI LEMAK (BERBUNGKUS),sebungkus,MAKANAN SIAP MASAK,NASI,https://img.manamurah.com/barang_nobg/1159.png,200,image/png,72918,valid
1160,NASI LEMAK (TIDAK BERBUNGKUS),sepinggan,MAKANAN SIAP MASAK,NASI,https://img.manamurah.com/barang_nobg/1160.png,200,image/png,159809,valid
1161,NASI + SAYUR + IKAN,sepinggan,MAKANAN SIAP MASAK,NASI,https://img.manamurah.com/barang_nobg/1161.png,200,image/png,80277,valid
1162,NASI + SAYUR + AYAM,sepinggan,MAKANAN SIAP MASAK,NASI,https://img.manamurah.com/barang_nobg/1162.png,200,image/png,73323,valid
1163,NASI + SAYUR + DAGING,sepinggan,MAKANAN SIAP MASAK,NASI,https://img.manamurah.com/barang_nobg/1163.png,200,image/png,95329,valid
1164,NASI + SAYUR + SOTONG,sepinggan,MAKANAN SIAP MASAK,NASI,https://img.manamurah.com/barang_nobg/1164.png,200,image/png,162212,valid
1165,NASI + SAYUR + UDANG,sepinggan,MAKANAN SIAP MASAK,NASI,https://img.manamurah.com/barang_nobg/1165.png,200,image/png,72928,valid
1167,NASI GORENG KAMPUNG,sepinggan,MAKANAN SIAP MASAK,NASI,https://img.manamurah.com/barang_nobg/1167.png,200,image/png,58053,valid
1168,NASI GORENG PAPRIK,sepinggan,MAKANAN SIAP MASAK,NASI,https://img.manamurah.com/barang_nobg/1168.png,200,image/png,78535,valid
1169,NASI GORENG CINA,sepinggan,MAKANAN SIAP MASAK,NASI,https://img.manamurah.com/barang_nobg/1169.png,200,image/png,78622,valid
1170,NASI GORENG PATAYA,sepinggan,MAKANAN SIAP MASAK,NASI,https://img.manamurah.com/barang_nobg/1170.png,200,image/png,67258,valid
1172,NASI GORENG CILI PADI,sepinggan,MAKANAN SIAP MASAK,NASI,https://img.manamurah.com/barang_nobg/1172.png,200,image/png,72824,valid
1173,NASI GORENG DAGING MERAH,sepinggan,MAKANAN SIAP MASAK,NASI,https://img.manamurah.com/barang_nobg/1173.png,200,image/png,67368,valid
1174,NASI GORENG USA,sepinggan,MAKANAN SIAP MASAK,NASI,https://img.manamurah.com/barang_nobg/1174.png,200,image/png,162212,valid
1175,NASI GORENG AYAM,sepinggan,MAKANAN SIAP MASAK,NASI,https://img.manamurah.com/barang_nobg/1175.png,200,image/png,105184,valid
1183,BIHUN GORENG,sepinggan,MAKANAN SIAP MASAK,MEE / BIHUN / KUEY TEOW,https://img.manamurah.com/barang_nobg/1183.png,200,image/png,116133,valid
1184,BIHUN HAILAM,sepinggan,MAKANAN SIAP MASAK,MEE / BIHUN / KUEY TEOW,https://img.manamurah.com/barang_nobg/1184.png,404,,0,missing
1186,BIHUN TOMYAM,semangkuk,MAKANAN SIAP MASAK,MEE / BIHUN / KUEY TEOW,https://img.manamurah.com/barang_nobg/1186.png,404,,0,missing
1187,BIHUN BANDUNG,semangkuk,MAKANAN SIAP MASAK,MEE / BIHUN / KUEY TEOW,https://img.manamurah.com/barang_nobg/1187.png,404,,0,missing
1188,BIHUN LADNA,sepinggan,MAKANAN SIAP MASAK,MEE / BIHUN / KUEY TEOW,https://img.manamurah.com/barang_nobg/1188.png,404,,0,missing
1189,BIHUN KUNGFU,sepinggan,MAKANAN SIAP MASAK,MEE / BIHUN / KUEY TEOW,https://img.manamurah.com/barang_nobg/1189.png,404,,0,missing
1198,AYAM GORENG,seketul,MAKANAN SIAP MASAK,LAUK,https://img.manamurah.com/barang_nobg/1198.png,404,,0,missing
1199,AYAM MASAK MERAH,seketul,MAKANAN SIAP MASAK,LAUK,https://img.manamurah.com/barang_nobg/1199.png,404,,0,missing
1200,AYAM MASAK KICAP,seketul,MAKANAN SIAP MASAK,LAUK,https://img.manamurah.com/barang_nobg/1200.png,404,,0,missing
1201,AYAM MASAK HALIA,seketul,MAKANAN SIAP MASAK,LAUK,https://img.manamurah.com/barang_nobg/1201.png,404,,0,missing
1202,DAGING MASAK MERAH,sepiring,MAKANAN SIAP MASAK,LAUK,https://img.manamurah.com/barang_nobg/1202.png,404,,0,missing
1203,DAGING MASAK KICAP,sepiring,MAKANAN SIAP MASAK,LAUK,https://img.manamurah.com/barang_nobg/1203.png,404,,0,missing
1204,DAGING MASAK HALIA,sepiring,MAKANAN SIAP MASAK,LAUK,https://img.manamurah.com/barang_nobg/1204.png,404,,0,missing
1205,DAGING MASAK PAPRIK,sepiring,MAKANAN SIAP MASAK,LAUK,https://img.manamurah.com/barang_nobg/1205.png,404,,0,missing
1206,SOTONG GORENG,sepiring,MAKANAN SIAP MASAK,LAUK,https://img.manamurah.com/barang_nobg/1206.png,404,,0,missing
1207,SOTONG MASAK MERAH,sepiring,MAKANAN SIAP MASAK,LAUK,https://img.manamurah.com/barang_nobg/1207.png,404,,0,missing
1208,SOTONG MASAK KICAP,sepiring,MAKANAN SIAP MASAK,LAUK,https://img.manamurah.com/barang_nobg/1208.png,404,,0,missing
1209,SOTONG MASAK HALIA,sepiring,MAKANAN SIAP MASAK,LAUK,https://img.manamurah.com/barang_nobg/1209.png,404,,0,missing
1210,UDANG GORENG,sepiring,MAKANAN SIAP MASAK,LAUK,https://img.manamurah.com/barang_nobg/1210.png,404,,0,missing
1211,UDANG MASAK MERAH,sepiring,MAKANAN SIAP MASAK,LAUK,https://img.manamurah.com/barang_nobg/1211.png,404,,0,missing
1212,UDANG MASAK KICAP,sepiring,MAKANAN SIAP MASAK,LAUK,https://img.manamurah.com/barang_nobg/1212.png,404,,0,missing
1213,UDANG MASAK HALIA,sepiring,MAKANAN SIAP MASAK,LAUK,https://img.manamurah.com/barang_nobg/1213.png,404,,0,missing
1214,SAYUR CAMPUR,sepiring,MAKANAN SIAP MASAK,LAUK,https://img.manamurah.com/barang_nobg/1214.png,404,,0,missing
1215,SAYUR KAILAN IKAN MASIN,sepiring,MAKANAN SIAP MASAK,LAUK,https://img.manamurah.com/barang_nobg/1215.png,404,,0,missing
1216,SAYUR KANGKUNG GORENG BELACAN,sepiring,MAKANAN SIAP MASAK,LAUK,https://img.manamurah.com/barang_nobg/1216.png,404,,0,missing
1232,TELUR MATA KERBAU,sebiji,MAKANAN SIAP MASAK,LAUK,https://img.manamurah.com/barang_nobg/1232.png,404,,0,missing
1233,TELUR DADAR,sebiji,MAKANAN SIAP MASAK,LAUK,https://img.manamurah.com/barang_nobg/1233.png,404,,0,missing
1234,TELUR BISTIK,1 set,MAKANAN SIAP MASAK,LAUK,https://img.manamurah.com/barang_nobg/1234.png,404,,0,missing
1235,TELUR SETENGAH MASAK,sebiji,MAKANAN SIAP MASAK,LAUK,https://img.manamurah.com/barang_nobg/1235.png,404,,0,missing
1236,TELUR REBUS,sebiji,MAKANAN SIAP MASAK,LAUK,https://img.manamurah.com/barang_nobg/1236.png,404,,0,missing
1237,TELUR MASIN,sebiji,MAKANAN SIAP MASAK,LAUK,https://img.manamurah.com/barang_nobg/1237.png,404,,0,missing
1238,SUP AYAM,semangkuk,MAKANAN SIAP MASAK,LAUK,https://img.manamurah.com/barang_nobg/1238.png,404,,0,missing
1239,SUP DAGING,semangkuk,MAKANAN SIAP MASAK,LAUK,https://img.manamurah.com/barang_nobg/1239.png,404,,0,missing
1240,SUP EKOR,semangkuk,MAKANAN SIAP MASAK,LAUK,https://img.manamurah.com/barang_nobg/1240.png,404,,0,missing
1241,SUP CAMPUR,semangkuk,MAKANAN SIAP MASAK,LAUK,https://img.manamurah.com/barang_nobg/1241.png,404,,0,missing
1242,TOM YAM CAMPUR,semangkuk,MAKANAN SIAP MASAK,LAUK,https://img.manamurah.com/barang_nobg/1242.png,404,,0,missing
1243,TOM YAM AYAM,semangkuk,MAKANAN SIAP MASAK,LAUK,https://img.manamurah.com/barang_nobg/1243.png,404,,0,missing
1244,TOM YAM DAGING,semangkuk,MAKANAN SIAP MASAK,LAUK,https://img.manamurah.com/barang_nobg/1244.png,404,,0,missing
1245,TOM YAM UDANG,semangkuk,MAKANAN SIAP MASAK,LAUK,https://img.manamurah.com/barang_nobg/1245.png,404,,0,missing
1246,TOM YAM SOTONG,semangkuk,MAKANAN SIAP MASAK,LAUK,https://img.manamurah.com/barang_nobg/1246.png,404,,0,missing
1247,MAGGI GORENG,sepinggan,MAKANAN SIAP MASAK,LAIN-LAIN,https://img.manamurah.com/barang_nobg/1247.png,404,,0,missing
1248,MAGGI SUP,semangkuk,MAKANAN SIAP MASAK,LAIN-LAIN,https://img.manamurah.com/barang_nobg/1248.png,404,,0,missing
1250,ROTI TELUR,sekeping,MAKANAN SIAP MASAK,LAIN-LAIN,https://img.manamurah.com/barang_nobg/1250.png,404,,0,missing
1252,KUIH LAPIS,sebiji,MAKANAN SIAP MASAK,LAIN-LAIN,https://img.manamurah.com/barang_nobg/1252.png,404,,0,missing
1253,KUIH SERI MUKA,sebiji,MAKANAN SIAP MASAK,LAIN-LAIN,https://img.manamurah.com/barang_nobg/1253.png,404,,0,missing
1254,PAU KACANG MERAH,sebiji,MAKANAN SIAP MASAK,LAIN-LAIN,https://img.manamurah.com/barang_nobg/1254.png,404,,0,missing
1255,PAU AYAM,sebiji,MAKANAN SIAP MASAK,LAIN-LAIN,https://img.manamurah.com/barang_nobg/1255.png,404,,0,missing
1256,PAU KAYA,sebiji,MAKANAN SIAP MASAK,LAIN-LAIN,https://img.manamurah.com/barang_nobg/1256.png,404,,0,missing
1264,AYAM SOS LEMON,sepiring,MAKANAN SIAP MASAK,LAUK,https://img.manamurah.com/barang_nobg/1264.png,404,,0,missing
1265,SOTONG GORENG ASAM,sepiring,MAKANAN SIAP MASAK,LAUK,https://img.manamurah.com/barang_nobg/1265.png,404,,0,missing
1266,UDANG BUTTER,sepiring,MAKANAN SIAP MASAK,LAUK,https://img.manamurah.com/barang_nobg/1266.png,404,,0,missing
1277,SUP IKAN,semangkuk,MAKANAN SIAP MASAK,LAUK,https://img.manamurah.com/barang_nobg/1277.png,404,,0,missing
1278,SUP SAYUR MASIN,semangkuk,MAKANAN SIAP MASAK,LAUK,https://img.manamurah.com/barang_nobg/1278.png,404,,0,missing
1279,PAU DAGING,sebiji,MAKANAN SIAP MASAK,LAIN-LAIN,https://img.manamurah.com/barang_nobg/1279.png,404,,0,missing
1281,NASI BRIYANI AYAM,sepinggan,MAKANAN SIAP MASAK,NASI,https://img.manamurah.com/barang_nobg/1281.png,404,,0,missing
1282,NASI BRIYANI KAMBING,sepinggan,MAKANAN SIAP MASAK,NASI,https://img.manamurah.com/barang_nobg/1282.png,404,,0,missing
1284,NASI BRIYANI BUKHARA,sepinggan,MAKANAN SIAP MASAK,NASI,https://img.manamurah.com/barang_nobg/1284.png,404,,0,missing
1285,AYAM MASAK KARI,seketul,MAKANAN SIAP MASAK,LAUK,https://img.manamurah.com/barang_nobg/1285.png,404,,0,missing
1289,SUP TULANG,semangkuk,MAKANAN SIAP MASAK,LAUK,https://img.manamurah.com/barang_nobg/1289.png,404,,0,missing
1290,SUP KAMBING,semangkuk,MAKANAN SIAP MASAK,LAUK,https://img.manamurah.com/barang_nobg/1290.png,404,,0,missing
1291,ROTI PISANG,sekeping,MAKANAN SIAP MASAK,LAIN-LAIN,https://img.manamurah.com/barang_nobg/1291.png,404,,0,missing
1292,ROTI BAWANG,sekeping,MAKANAN SIAP MASAK,LAIN-LAIN,https://img.manamurah.com/barang_nobg/1292.png,404,,0,missing
1293,ROTI BOOM,sekeping,MAKANAN SIAP MASAK,LAIN-LAIN,https://img.manamurah.com/barang_nobg/1293.png,404,,0,missing
1294,RAWA TOSAI,sekeping,MAKANAN SIAP MASAK,LAIN-LAIN,https://img.manamurah.com/barang_nobg/1294.png,404,,0,missing
1295,ROTI TISU,sekeping,MAKANAN SIAP MASAK,LAIN-LAIN,https://img.manamurah.com/barang_nobg/1295.png,404,,0,missing
1296,CAPATI,sekeping,MAKANAN SIAP MASAK,LAIN-LAIN,https://img.manamurah.com/barang_nobg/1296.png,404,,0,missing
1297,Ayam Tandoori,seketul,MAKANAN SIAP MASAK,LAUK,https://img.manamurah.com/barang_nobg/1297.png,404,,0,missing
1298,ROTI BAKAR,1 set,MAKANAN SIAP MASAK,LAIN-LAIN,https://img.manamurah.com/barang_nobg/1298.png,404,,0,missing
1299,MURTABAK AYAM,sekeping,MAKANAN SIAP MASAK,LAIN-LAIN,https://img.manamurah.com/barang_nobg/1299.png,404,,0,missing
1300,MURTABAK DAGING,sekeping,MAKANAN SIAP MASAK,LAIN-LAIN,https://img.manamurah.com/barang_nobg/1300.png,404,,0,missing
1301,MURTABAK KAMBING,sekeping,MAKANAN SIAP MASAK,LAIN-LAIN,https://img.manamurah.com/barang_nobg/1301.png,404,,0,missing
1307,AIR SUAM,gelas kecil,MAKANAN SIAP MASAK,MINUMAN,https://img.manamurah.com/barang_nobg/1307.png,404,,0,missing
1309,Kopi Panas,gelas kecil,MAKANAN SIAP MASAK,MINUMAN,https://img.manamurah.com/barang_nobg/1309.png,404,,0,missing
1311,TEH 'O' LIMAU PANAS,gelas kecil,MAKANAN SIAP MASAK,MINUMAN,https://img.manamurah.com/barang_nobg/1311.png,404,,0,missing
1312,Teh Panas,gelas kecil,MAKANAN SIAP MASAK,MINUMAN,https://img.manamurah.com/barang_nobg/1312.png,404,,0,missing
1314,TEH HALIA PANAS,gelas kecil,MAKANAN SIAP MASAK,MINUMAN,https://img.manamurah.com/barang_nobg/1314.png,404,,0,missing
1315,NESCAFE PANAS,gelas kecil,MAKANAN SIAP MASAK,MINUMAN,https://img.manamurah.com/barang_nobg/1315.png,404,,0,missing
1317,NESLO PANAS,gelas kecil,MAKANAN SIAP MASAK,MINUMAN,https://img.manamurah.com/barang_nobg/1317.png,404,,0,missing
1318,HORLICKS PANAS,gelas kecil,MAKANAN SIAP MASAK,MINUMAN,https://img.manamurah.com/barang_nobg/1318.png,404,,0,missing
1319,MILO PANAS,gelas kecil,MAKANAN SIAP MASAK,MINUMAN,https://img.manamurah.com/barang_nobg/1319.png,404,,0,missing
1320,BARLI PANAS,gelas kecil,MAKANAN SIAP MASAK,MINUMAN,https://img.manamurah.com/barang_nobg/1320.png,404,,0,missing
1321,MILO 'O' PANAS,gelas kecil,MAKANAN SIAP MASAK,MINUMAN,https://img.manamurah.com/barang_nobg/1321.png,404,,0,missing
1322,AIR KOSONG,gelas besar,MAKANAN SIAP MASAK,MINUMAN,https://img.manamurah.com/barang_nobg/1322.png,404,,0,missing
1339,JUS EPAL,segelas,MAKANAN SIAP MASAK,MINUMAN,https://img.manamurah.com/barang_nobg/1339.png,404,,0,missing
1340,JUS MANGGA,segelas,MAKANAN SIAP MASAK,MINUMAN,https://img.manamurah.com/barang_nobg/1340.png,404,,0,missing
1341,JUS TEMBIKAI,segelas,MAKANAN SIAP MASAK,MINUMAN,https://img.manamurah.com/barang_nobg/1341.png,404,,0,missing
1343,JUS BELIMBING,segelas,MAKANAN SIAP MASAK,MINUMAN,https://img.manamurah.com/barang_nobg/1343.png,404,,0,missing
1344,JUS LAICI,segelas,MAKANAN SIAP MASAK,MINUMAN,https://img.manamurah.com/barang_nobg/1344.png,404,,0,missing
1355,100 PLUS (ORIGINAL),1.5 liter,MINUMAN,TERSEDIA MINUM,https://img.manamurah.com/barang_nobg/1355.png,200,image/png,162212,valid
1358,ROTI SARDIN,sekeping,MAKANAN SIAP MASAK,LAIN-LAIN,https://img.manamurah.com/barang_nobg/1358.png,404,,0,missing
1359,KOPI 'O' PANAS,gelas kecil,MAKANAN SIAP MASAK,MINUMAN,https://img.manamurah.com/barang_nobg/1359.png,404,,0,missing
1360,TEH 'O' PANAS,gelas kecil,MAKANAN SIAP MASAK,MINUMAN,https://img.manamurah.com/barang_nobg/1360.png,404,,0,missing
1364,AYAM TUA HIDUP,1kg,BARANGAN SEGAR,AYAM,https://img.manamurah.com/barang_nobg/1364.png,200,image/png,28324,valid
1367,DAGING PAHA KAMBING BEBIRI IMPORT BERTULANG  (MUTTON) (AUSTRALIA),1kg,BARANGAN SEGAR,DAGING,https://img.manamurah.com/barang_nobg/1367.png,200,image/png,162212,valid
1368,DAGING PAHA KAMBING BEBIRI IMPORT BERTULANG (MUTTON) (NEW ZEALAND),1kg,BARANGAN SEGAR,DAGING,https://img.manamurah.com/barang_nobg/1368.png,200,image/png,162212,valid
1369,DAGING KAMBING TEMPATAN BERTULANG,1kg,BARANGAN SEGAR,DAGING,https://img.manamurah.com/barang_nobg/1369.png,200,image/png,162212,valid
1370,DAGING LEMBU IMPORT (TOPSIDE),1kg,BARANGAN SEGAR,DAGING,https://img.manamurah.com/barang_nobg/1370.png,200,image/png,29541,valid
1371,DAGING LEMBU IMPORT (BLADE),1kg,BARANGAN SEGAR,DAGING,https://img.manamurah.com/barang_nobg/1371.png,200,image/png,33346,valid
1372,DAGING LEMBU IMPORT (CHUCKTENDER),1kg,BARANGAN SEGAR,DAGING,https://img.manamurah.com/barang_nobg/1372.png,200,image/png,34345,valid
1373,DAGING LEMBU IMPORT (KNUCKLE),1kg,BARANGAN SEGAR,DAGING,https://img.manamurah.com/barang_nobg/1373.png,200,image/png,37527,valid
1374,DAGING KERBAU TEMPATAN,1kg,BARANGAN SEGAR,DAGING,https://img.manamurah.com/barang_nobg/1374.png,200,image/png,37019,valid
1375,DAGING KERBAU IMPORT (INDIA) * (SILVERSIDE),1kg,BARANGAN SEGAR,DAGING,https://img.manamurah.com/barang_nobg/1375.png,200,image/png,35153,valid
1376,DAGING KERBAU IMPORT (INDIA) * (RUMP),1kg,BARANGAN SEGAR,DAGING,https://img.manamurah.com/barang_nobg/1376.png,200,image/png,31768,valid
1377,DAGING KERBAU IMPORT (INDIA) * (BLADE),1kg,BARANGAN SEGAR,DAGING,https://img.manamurah.com/barang_nobg/1377.png,200,image/png,32552,valid
1378,DAGING KERBAU IMPORT (INDIA) * (CHUCK),1kg,BARANGAN SEGAR,DAGING,https://img.manamurah.com/barang_nobg/1378.png,200,image/png,34766,valid
1379,DAGING BABI (PERUT / BELLY),1kg,BARANGAN SEGAR,DAGING,https://img.manamurah.com/barang_nobg/1379.png,200,image/png,162212,valid
1380,DAGING BABI (DAGING & LEMAK / LEAN & FAT),1kg,BARANGAN SEGAR,DAGING,https://img.manamurah.com/barang_nobg/1380.png,200,image/png,162212,valid
1381,DAGING BABI (ISI DAGING / PURE LEAN),1kg,BARANGAN SEGAR,DAGING,https://img.manamurah.com/barang_nobg/1381.png,200,image/png,162212,valid
1383,DAGING BABI (RUSUK DENGAN DAGING/ RIBS WITH MEAT),1kg,BARANGAN SEGAR,DAGING,https://img.manamurah.com/barang_nobg/1383.png,200,image/png,162212,valid
1384,BABI HIDUP (±100KG / SEEKOR),±100kg/seekor,BARANGAN SEGAR,DAGING,https://img.manamurah.com/barang_nobg/1384.png,200,image/png,162212,valid
1391,UDANG PUTIH BESAR (BERAT ANTARA 41 EKOR HINGGA 60 EKOR SEKILOGRAM),1kg,BARANGAN SEGAR,BAHAN LAUT,https://img.manamurah.com/barang_nobg/1391.png,200,image/png,162212,valid
1396,KUBIS BULAT IMPORT (INDONESIA),1kg,BARANGAN SEGAR,SAYUR-SAYURAN,https://img.manamurah.com/barang_nobg/1396.png,200,image/png,162212,valid
1399,BAWANG PERAI (LEEK) TEMPATAN,1kg,BARANGAN SEGAR,SAYUR-SAYURAN,https://img.manamurah.com/barang_nobg/1399.png,200,image/png,162212,valid
1400,BAWANG PERAI (LEEK) IMPORT,1kg,BARANGAN SEGAR,SAYUR-SAYURAN,https://img.manamurah.com/barang_nobg/1400.png,200,image/png,162212,valid
1402,HORLICKS (PAKET),400 g,MINUMAN,BAHAN-BAHAN MINUMAN,https://img.manamurah.com/barang_nobg/1402.png,200,image/png,162212,valid
1412,KUBIS PANJANG CHINA - BESAR,1kg,BARANGAN SEGAR,SAYUR-SAYURAN,https://img.manamurah.com/barang_nobg/1412.png,200,image/png,162212,valid
1419,KACANG DAL BIASA (INDIA),1kg,BARANGAN KERING,KACANG,https://img.manamurah.com/barang_nobg/1419.png,200,image/png,162212,valid
1420,KACANG DAL MALAVI (INDIA),1kg,BARANGAN KERING,KACANG,https://img.manamurah.com/barang_nobg/1420.png,200,image/png,162212,valid
1422,KACANG DAL (AUSTRALIA),1kg,BARANGAN KERING,KACANG,https://img.manamurah.com/barang_nobg/1422.png,200,image/png,162212,valid
1431,DAGING LEMBU TEMPATAN (BAHAGIAN 1 DAGING PAHA (KECUALI BATANG PINANG - TENDERLOIN),1kg,BARANGAN SEGAR,DAGING,https://img.manamurah.com/barang_nobg/1431.png,200,image/png,162212,valid
1432,DAGING LEMBU TEMPATAN (BAHAGIAN 2 DAGING PEJAL (KECUALI BATANG PINANG - TENDERLOIN),1kg,BARANGAN SEGAR,DAGING,https://img.manamurah.com/barang_nobg/1432.png,200,image/png,162212,valid
1436,IKAN KERISI (ANTARA 5 HINGGA 10 EKOR SEKILOGRAM),1kg,BARANGAN SEGAR,BAHAN LAUT,https://img.manamurah.com/barang_nobg/1436.png,200,image/png,24389,valid
1437,IKAN SIAKAP (ANTARA 2 HINGGA 4 EKOR SEKILOGRAM),1kg,BARANGAN SEGAR,BAHAN LAUT,https://img.manamurah.com/barang_nobg/1437.png,200,image/png,27339,valid
1438,IKAN TENGGIRI BATANG (KEPINGAN),1kg,BARANGAN SEGAR,BAHAN LAUT,https://img.manamurah.com/barang_nobg/1438.png,200,image/png,162212,valid
1440,BAWANG BESAR IMPORT (INDIA),1kg,BARANGAN KERING,BAWANG,https://img.manamurah.com/barang_nobg/1440.png,200,image/png,162212,valid
1441,BAWANG BESAR IMPORT (CHINA),1kg,BARANGAN KERING,BAWANG,https://img.manamurah.com/barang_nobg/1441.png,200,image/png,162212,valid
1442,BAWANG KECIL MERAH BIASA IMPORT (INDIA),1kg,BARANGAN KERING,BAWANG,https://img.manamurah.com/barang_nobg/1442.png,200,image/png,162212,valid
1443,BAWANG KECIL MERAH IMPORT (CHINA),1kg,BARANGAN KERING,BAWANG,https://img.manamurah.com/barang_nobg/1443.png,200,image/png,46863,valid
1444,BAWANG KECIL MERAH IMPORT (MYANMAR),1kg,BARANGAN KERING,BAWANG,https://img.manamurah.com/barang_nobg/1444.png,200,image/png,162212,valid
1445,BERAS CAP FAIZA EMAS (SST5%),10 kg,BARANGAN BERBUNGKUS,BERAS,https://img.manamurah.com/barang_nobg/1445.png,200,image/png,162212,valid
1458,KUBIS BULAT IMPORT (BEIJING),1kg,BARANGAN SEGAR,SAYUR-SAYURAN,https://img.manamurah.com/barang_nobg/1458.png,200,image/png,162212,valid
1463,KRIMER SEJAT CARNATION,390g,BARANGAN BERBUNGKUS,KRIMER DAN SUSU TEPUNG,https://img.manamurah.com/barang_nobg/1463.png,200,image/png,162212,valid
1468,PANADOL FOR CHILDREN SUSPENSION 1-6,60ml,BARANGAN KEDAI SERBANEKA,UBAT-UBATAN,https://img.manamurah.com/barang_nobg/1468.png,200,image/png,162212,valid
1469,NESCAFE ''O'' PANAS,gelas kecil,MAKANAN SIAP MASAK,MINUMAN,https://img.manamurah.com/barang_nobg/1469.png,404,,0,missing
1474,BERAS BASMATHI - FAIZA (KASHMIR),5 kg,BARANGAN BERBUNGKUS,BERAS,https://img.manamurah.com/barang_nobg/1474.png,200,image/png,39193,valid
1475,IKAN BAWAL PUTIH (ANTARA 2 HINGGA 5 EKOR SEKILOGRAM),1kg,BARANGAN SEGAR,BAHAN LAUT,https://img.manamurah.com/barang_nobg/1475.png,200,image/png,34989,valid
1476,IKAN KEMBUNG (ANTARA 8 HINGGA 12 EKOR SEKILOGRAM),1kg,BARANGAN SEGAR,BAHAN LAUT,https://img.manamurah.com/barang_nobg/1476.png,200,image/png,162212,valid
1477,IKAN MABUNG (ANTARA 6 HINGGA 10 EKOR SEKILOGRAM),1kg,BARANGAN SEGAR,BAHAN LAUT,https://img.manamurah.com/barang_nobg/1477.png,200,image/png,162212,valid
1479,BROKOLI,1kg,BARANGAN SEGAR,SAYUR-SAYURAN,https://img.manamurah.com/barang_nobg/1479.png,200,image/png,162212,valid
1481,KUBIS BUNGA (CAULIFLOWER),1kg,BARANGAN SEGAR,SAYUR-SAYURAN,https://img.manamurah.com/barang_nobg/1481.png,200,image/png,162212,valid
1482,KUBIS PANJANG (TEMPATAN),1kg,BARANGAN SEGAR,SAYUR-SAYURAN,https://img.manamurah.com/barang_nobg/1482.png,200,image/png,162212,valid
1483,MEE KUNING BASAH (PELBAGAI JENAMA),+-450g,BARANGAN SEGAR,MEE/KUETIAU,https://img.manamurah.com/barang_nobg/1483.png,200,image/png,162212,valid
1484,KUETIAU BASAH (PELBAGAI JENAMA),+-450g,BARANGAN SEGAR,MEE/KUETIAU,https://img.manamurah.com/barang_nobg/1484.png,200,image/png,162212,valid
1485,EPAL HIJAU GRANNY SMITH (SAIZ M),1 biji,BARANGAN SEGAR,BUAH-BUAHAN,https://img.manamurah.com/barang_nobg/1485.png,200,image/png,162212,valid
1486,EPAL MERAH RED DELICIOUS (SAIZ M),1 biji,BARANGAN SEGAR,BUAH-BUAHAN,https://img.manamurah.com/barang_nobg/1486.png,200,image/png,162212,valid
1487,OREN VALENCIA (SAIZ M),1 biji,BARANGAN SEGAR,BUAH-BUAHAN,https://img.manamurah.com/barang_nobg/1487.png,200,image/png,162212,valid
1489,ASAM JAWA (BERBIJI) PELBAGAI JENAMA,200 g,BARANGAN BERBUNGKUS,REMPAH RATUS (BERBUNGKUS),https://img.manamurah.com/barang_nobg/1489.png,200,image/png,162212,valid
1491,BERAS PULUT THAILAND (SUSU) PELBAGAI JENAMA,1kg,BARANGAN BERBUNGKUS,BERAS,https://img.manamurah.com/barang_nobg/1491.png,200,image/png,162212,valid
1492,BERAS PULUT THAILAND (BIASA) PELBAGAI JENAMA,1kg,BARANGAN BERBUNGKUS,BERAS,https://img.manamurah.com/barang_nobg/1492.png,200,image/png,162212,valid
1493,BIHUN KERING TEMPATAN (CAP JASMINE),400 g,BARANGAN BERBUNGKUS,BIHUN,https://img.manamurah.com/barang_nobg/1493.png,200,image/png,95227,valid
1494,ROTI GARDENIA BREAKTHRU - ROTI GANDUM PENUH,400 g,BARANGAN BERBUNGKUS,ROTI,https://img.manamurah.com/barang_nobg/1494.png,200,image/png,162212,valid
1498,TEPUNG JAGUNG (PELBAGAI JENAMA),400 g,BARANGAN BERBUNGKUS,TEPUNG,https://img.manamurah.com/barang_nobg/1498.png,200,image/png,162212,valid
1505,DUTCH LADY UHT COKLAT (KOTAK),200 ml,MINUMAN,TERSEDIA MINUM,https://img.manamurah.com/barang_nobg/1505.png,200,image/png,162212,valid
1506,DUTCH LADY UHT FULL CREAM (KOTAK),200 ml,MINUMAN,TERSEDIA MINUM,https://img.manamurah.com/barang_nobg/1506.png,200,image/png,162212,valid
1507,COCA COLA (TIN),320 ml,MINUMAN,TERSEDIA MINUM,https://img.manamurah.com/barang_nobg/1507.png,200,image/png,162212,valid
1512,MAMEX LANGKAH 1 - RUMUSAN BAYI (KOTAK),600 g,SUSU DAN BARANGAN BAYI,SUSU BAYI,https://img.manamurah.com/barang_nobg/1512.png,200,image/png,162212,valid
1513,SUSTAGEN KID 3+ (VANILLA) - KOTAK,600 g,SUSU DAN BARANGAN BAYI,SUSU BAYI,https://img.manamurah.com/barang_nobg/1513.png,200,image/png,162212,valid
1514,SUSTAGEN JUNIOR 1+ (VANILLA ) - KOTAK,600 g,SUSU DAN BARANGAN BAYI,SUSU BAYI,https://img.manamurah.com/barang_nobg/1514.png,200,image/png,162212,valid
1515,HEINZ FARLEY RUSKS (PELBAGAI PERISA),120 g,SUSU DAN BARANGAN BAYI,MAKANAN BAYI,https://img.manamurah.com/barang_nobg/1515.png,200,image/png,162212,valid
1517,HEINZ APPLE PUREE,110 g,SUSU DAN BARANGAN BAYI,MAKANAN BAYI,https://img.manamurah.com/barang_nobg/1517.png,200,image/png,162212,valid
1522,DRYPERS WEE WEE DRY,M74,SUSU DAN BARANGAN BAYI,LAMPIN PAKAI BUANG,https://img.manamurah.com/barang_nobg/1522.png,200,image/png,162212,valid
1524,BERUS GIGI COLGATE (ZIG ZAG - SOFT),1 batang,PRODUK KEBERSIHAN,PENJAGAAN DIRI,https://img.manamurah.com/barang_nobg/1524.png,200,image/png,162212,valid
1525,BERUS GIGI ORAL B (COMPLETE EASY CLEAN - SOFT),1 batang,PRODUK KEBERSIHAN,PENJAGAAN DIRI,https://img.manamurah.com/barang_nobg/1525.png,200,image/png,23784,valid
1538,SABUN PENCUCI AXION PASTE (LEMON),350 g,PRODUK KEBERSIHAN,PENJAGAAN RUMAH,https://img.manamurah.com/barang_nobg/1538.png,200,image/png,162212,valid
1539,SABUN PENCUCI KUAT HARIMAU (LEMON),400 g,PRODUK KEBERSIHAN,PENJAGAAN RUMAH,https://img.manamurah.com/barang_nobg/1539.png,200,image/png,162212,valid
1540,SABUN PENCUCI GLO (LEMON),900ml,PRODUK KEBERSIHAN,PENJAGAAN RUMAH,https://img.manamurah.com/barang_nobg/1540.png,200,image/png,162212,valid
1541,SABUN PENCUCI SUNLIGHT (LEMON),1000 ml,PRODUK KEBERSIHAN,PENJAGAAN RUMAH,https://img.manamurah.com/barang_nobg/1541.png,200,image/png,162212,valid
1543,KIUB SUP TOMYAM (MAGGI),2 X 10G,BARANGAN BERBUNGKUS,REMPAH RATUS (BERBUNGKUS),https://img.manamurah.com/barang_nobg/1543.png,200,image/png,162212,valid
1544,SERBUK NASI GORENG CINA ADABI,17 g,BARANGAN BERBUNGKUS,REMPAH RATUS (BERBUNGKUS),https://img.manamurah.com/barang_nobg/1544.png,200,image/png,38599,valid
1545,PERENCAH NASI GORENG IKAN BILIS SERI AJI,26G,BARANGAN BERBUNGKUS,REMPAH RATUS (BERBUNGKUS),https://img.manamurah.com/barang_nobg/1545.png,200,image/png,162212,valid
1547,PEPSI COLA (TIN),320 ml,MINUMAN,TERSEDIA MINUM,https://img.manamurah.com/barang_nobg/1547.png,200,image/png,162212,valid
1550,PAHA AYAM (CHICKEN DRUMSTICK),1kg,BARANGAN SEGAR,AYAM,https://img.manamurah.com/barang_nobg/1550.png,200,image/png,162212,valid
1551,DADA AYAM (CHICKEN KEEL),1kg,BARANGAN SEGAR,AYAM,https://img.manamurah.com/barang_nobg/1551.png,200,image/png,162212,valid
1552,THIGH AYAM,1kg,BARANGAN SEGAR,AYAM,https://img.manamurah.com/barang_nobg/1552.png,200,image/png,162212,valid
1553,WHOLE LEG AYAM,1kg,BARANGAN SEGAR,AYAM,https://img.manamurah.com/barang_nobg/1553.png,200,image/png,162212,valid
1554,IKAN MERAH (KEPINGAN),1kg,BARANGAN SEGAR,BAHAN LAUT,https://img.manamurah.com/barang_nobg/1554.png,200,image/png,162212,valid
1555,UDANG PUTIH/VANNAMEI (TERNAK) (ANTARA 41 HINGGA 60 EKOR SEKILOGRAM),1kg,BARANGAN SEGAR,BAHAN LAUT,https://img.manamurah.com/barang_nobg/1555.png,200,image/png,162212,valid
1556,BAYAM HIJAU,1kg,BARANGAN SEGAR,SAYUR-SAYURAN,https://img.manamurah.com/barang_nobg/1556.png,200,image/png,162212,valid
1557,BAYAM MERAH,1kg,BARANGAN SEGAR,SAYUR-SAYURAN,https://img.manamurah.com/barang_nobg/1557.png,200,image/png,162212,valid
1558,SAWI HIJAU,1kg,BARANGAN SEGAR,SAYUR-SAYURAN,https://img.manamurah.com/barang_nobg/1558.png,200,image/png,162212,valid
1559,KANGKUNG,1kg,BARANGAN SEGAR,SAYUR-SAYURAN,https://img.manamurah.com/barang_nobg/1559.png,200,image/png,162212,valid
1560,KAILAN,1kg,BARANGAN SEGAR,SAYUR-SAYURAN,https://img.manamurah.com/barang_nobg/1560.png,200,image/png,162212,valid
1561,TAUGE KACANG HIJAU,1kg,BARANGAN SEGAR,SAYUR-SAYURAN,https://img.manamurah.com/barang_nobg/1561.png,200,image/png,162212,valid
1562,UDANG KERING,100 g,BARANGAN KERING,HASIL LAUT KERING,https://img.manamurah.com/barang_nobg/1562.png,200,image/png,162212,valid
1563,SOTONG KERING (SAIZ SERDAHANA),1kg,BARANGAN KERING,HASIL LAUT KERING,https://img.manamurah.com/barang_nobg/1563.png,200,image/png,162212,valid
1564,BAWANG PUTIH IMPORT (CHINA),1kg,BARANGAN KERING,BAWANG,https://img.manamurah.com/barang_nobg/1564.png,200,image/png,162200,valid
1566,SERBUK KARI IKAN (TIDAK BERBUNGKUS),100 g,BARANGAN BERBUNGKUS,REMPAH RATUS (TIDAK BERBUNGKUS),https://img.manamurah.com/barang_nobg/1566.png,200,image/png,162212,valid
1567,SERBUK KARI DAGING (TIDAK BERBUNGKUS),100 g,BARANGAN BERBUNGKUS,REMPAH RATUS (TIDAK BERBUNGKUS),https://img.manamurah.com/barang_nobg/1567.png,200,image/png,162212,valid
1568,SERBUK KARI IKAN ADABI,250 g,BARANGAN BERBUNGKUS,REMPAH RATUS (BERBUNGKUS),https://img.manamurah.com/barang_nobg/1568.png,200,image/png,162212,valid
1569,SERBUK KARI IKAN ALAGAPPAS,250 g,BARANGAN BERBUNGKUS,REMPAH RATUS (BERBUNGKUS),https://img.manamurah.com/barang_nobg/1569.png,200,image/png,162212,valid
1570,SERBUK KARI AYAM DAN DAGING ADABI,250 g,BARANGAN BERBUNGKUS,REMPAH RATUS (BERBUNGKUS),https://img.manamurah.com/barang_nobg/1570.png,200,image/png,162212,valid
1571,SERBUK KARI DAGING ALAGAPPAS,250 g,BARANGAN BERBUNGKUS,REMPAH RATUS (BERBUNGKUS),https://img.manamurah.com/barang_nobg/1571.png,200,image/png,162212,valid
1572,SERBUK KARI DAGING BABAS,250 g,BARANGAN BERBUNGKUS,REMPAH RATUS (BERBUNGKUS),https://img.manamurah.com/barang_nobg/1572.png,200,image/png,162212,valid
1573,SERBUK KURMA AYAM & DAGING ADABI,250 g,BARANGAN BERBUNGKUS,REMPAH RATUS (BERBUNGKUS),https://img.manamurah.com/barang_nobg/1573.png,200,image/png,162212,valid
1575,SERBUK KURMA BABAS,125 g,BARANGAN BERBUNGKUS,REMPAH RATUS (BERBUNGKUS),https://img.manamurah.com/barang_nobg/1575.png,200,image/png,162212,valid
1576,SERBUK KARI KURMA ALAGAPPAS,200 g,BARANGAN BERBUNGKUS,REMPAH RATUS (BERBUNGKUS),https://img.manamurah.com/barang_nobg/1576.png,200,image/png,162212,valid
1577,SERBUK PERENCAH SUP ADABI,250 g,BARANGAN BERBUNGKUS,REMPAH RATUS (BERBUNGKUS),https://img.manamurah.com/barang_nobg/1577.png,200,image/png,162212,valid
1578,SERBUK REMPAH SUP MAK SITI,250 g,BARANGAN BERBUNGKUS,REMPAH RATUS (BERBUNGKUS),https://img.manamurah.com/barang_nobg/1578.png,200,image/png,162212,valid
1579,SERBUK SUP FAIZA,220 g,BARANGAN BERBUNGKUS,REMPAH RATUS (BERBUNGKUS),https://img.manamurah.com/barang_nobg/1579.png,200,image/png,162212,valid
1581,BERAS CAP RAMBUTAN (SST5%),10 kg,BARANGAN BERBUNGKUS,BERAS,https://img.manamurah.com/barang_nobg/1581.png,200,image/png,162212,valid
1582,BERAS CAP JASMINE (SST5%),10 kg,BARANGAN BERBUNGKUS,BERAS,https://img.manamurah.com/barang_nobg/1582.png,200,image/png,162212,valid
1583,BERAS SUPER CAP JATI TWR  5% (IMPORT),10 kg,BARANGAN BERBUNGKUS,BERAS,https://img.manamurah.com/barang_nobg/1583.png,200,image/png,162212,valid
1584,BIHUN KERING TEMPATAN (PELBAGAI JENAMA),400 g,BARANGAN BERBUNGKUS,BIHUN,https://img.manamurah.com/barang_nobg/1584.png,200,image/png,165387,valid
1585,BIHUN KERING IMPORT (PELBAGAI JENAMA),400 g,BARANGAN BERBUNGKUS,BIHUN,https://img.manamurah.com/barang_nobg/1585.png,200,image/png,162212,valid
1586,ROTI SANDWICH MASSIMO DENGAN GERMA GANDUM,400 g,BARANGAN BERBUNGKUS,ROTI,https://img.manamurah.com/barang_nobg/1586.png,200,image/png,45229,valid
1587,GULA HALUS CASTOR (PELBAGAI JENAMA),+- 500g,BARANGAN BERBUNGKUS,GULA,https://img.manamurah.com/barang_nobg/1587.png,200,image/png,29373,valid
1588,GULA MERAH LEMBUT (PELBAGAI JENAMA),+- 500g,BARANGAN BERBUNGKUS,GULA,https://img.manamurah.com/barang_nobg/1588.png,200,image/png,47060,valid
1589,GULA PUTIH BERTAPIS KASAR (PELBAGAI JENAMA),1kg,BARANGAN BERBUNGKUS,GULA,https://img.manamurah.com/barang_nobg/1589.png,200,image/png,32317,valid
1590,GULA PUTIH BERTAPIS HALUS (PELBAGAI JENAMA),1kg,BARANGAN BERBUNGKUS,GULA,https://img.manamurah.com/barang_nobg/1590.png,200,image/png,26291,valid
1591,TEPUNG BERAS (PELBAGAI JENAMA),500 g,BARANGAN BERBUNGKUS,TEPUNG,https://img.manamurah.com/barang_nobg/1591.png,200,image/png,36897,valid
1593,TEPUNG GANDUM GP (BERBUNGKUS) PELBAGAI JENAMA,1kg,BARANGAN BERBUNGKUS,TEPUNG,https://img.manamurah.com/barang_nobg/1593.png,200,image/png,35103,valid
1594,TEPUNG PULUT (PELBAGAI JENAMA),500 g,BARANGAN BERBUNGKUS,TEPUNG,https://img.manamurah.com/barang_nobg/1594.png,200,image/png,37008,valid
1595,MINYAK JAGUNG CAP DAISY,2 kg,BARANGAN BERBUNGKUS,MINYAK DAN LEMAK,https://img.manamurah.com/barang_nobg/1595.png,200,image/png,162212,valid
1596,MINYAK JAGUNG CAP MAZOLA,2 kg,BARANGAN BERBUNGKUS,MINYAK DAN LEMAK,https://img.manamurah.com/barang_nobg/1596.png,200,image/png,162212,valid
1597,MINYAK JAGUNG CAP VECORN,2 kg,BARANGAN BERBUNGKUS,MINYAK DAN LEMAK,https://img.manamurah.com/barang_nobg/1597.png,200,image/png,162212,valid
1598,MINYAK MASAK SEBATIAN CAP RED EAGLE,2 kg,BARANGAN BERBUNGKUS,MINYAK DAN LEMAK,https://img.manamurah.com/barang_nobg/1598.png,200,image/png,162212,valid
1599,MINYAK MASAK SEBATIAN CAP NEPTUNE,2 kg,BARANGAN BERBUNGKUS,MINYAK DAN LEMAK,https://img.manamurah.com/barang_nobg/1599.png,200,image/png,162212,valid
1600,MINYAK MASAK SEBATIAN CAP KNIFE,2 kg,BARANGAN BERBUNGKUS,MINYAK DAN LEMAK,https://img.manamurah.com/barang_nobg/1600.png,200,image/png,162212,valid
1601,MINYAK MASAK TULEN CAP BURUH,2 kg,BARANGAN BERBUNGKUS,MINYAK DAN LEMAK,https://img.manamurah.com/barang_nobg/1601.png,200,image/png,162212,valid
1602,MINYAK MASAK TULEN CAP VESAWIT,2 kg,BARANGAN BERBUNGKUS,MINYAK DAN LEMAK,https://img.manamurah.com/barang_nobg/1602.png,200,image/png,162212,valid
1603,MINYAK SAPI CAP WINDMILL GHEEBLEND,400 g,BARANGAN BERBUNGKUS,MINYAK DAN LEMAK,https://img.manamurah.com/barang_nobg/1603.png,200,image/png,162212,valid
1604,ASAM JAWA (TIDAK BERBIJI) ADABI,200 g,BARANGAN BERBUNGKUS,REMPAH RATUS (BERBUNGKUS),https://img.manamurah.com/barang_nobg/1604.png,200,image/png,162212,valid
1605,GARAM HALUS BIASA (PELBAGAI JENAMA),+-350g,BARANGAN BERBUNGKUS,REMPAH RATUS (BERBUNGKUS),https://img.manamurah.com/barang_nobg/1605.png,200,image/png,162212,valid
1606,MENTEGA KACANG HALUS LADY'S CHOICE,500 g,BARANGAN BERBUNGKUS,SAPUAN (SPREADS),https://img.manamurah.com/barang_nobg/1606.png,200,image/png,162212,valid
1607,LEPAAN FARMCOWS,250 g,BARANGAN BERBUNGKUS,SAPUAN (SPREADS),https://img.manamurah.com/barang_nobg/1607.png,200,image/png,162212,valid
1608,LEPAAN BUTTERCUP,250 g,BARANGAN BERBUNGKUS,SAPUAN (SPREADS),https://img.manamurah.com/barang_nobg/1608.png,200,image/png,162212,valid
1609,MENTEGA SCS (SALTED),250 g,BARANGAN BERBUNGKUS,MENTEGA,https://img.manamurah.com/barang_nobg/1609.png,200,image/png,162212,valid
1610,SANTAN KELAPA JENAMA M&S,500 ml,BARANGAN BERBUNGKUS,SANTAN (KOTAK),https://img.manamurah.com/barang_nobg/1610.png,200,image/png,162212,valid
1611,SANTAN KELAPA JENAMA KARA,200 ml,BARANGAN BERBUNGKUS,SANTAN (KOTAK),https://img.manamurah.com/barang_nobg/1611.png,200,image/png,162212,valid
1612,SANTAN KELAPA JENAMA HARMUNI,200 ml,BARANGAN BERBUNGKUS,SANTAN (KOTAK),https://img.manamurah.com/barang_nobg/1612.png,200,image/png,162212,valid
1613,ESEN STAR BRAND 'PELBAGAI PERISA',25 ml,BARANGAN BERBUNGKUS,ESEN DAN RAGI,https://img.manamurah.com/barang_nobg/1613.png,200,image/png,162212,valid
1615,MENTEGA ANCHOR (SALTED),227g,BARANGAN BERBUNGKUS,MENTEGA,https://img.manamurah.com/barang_nobg/1615.png,200,image/png,162212,valid
1616,MAURIPAN YIS SEGERA,11g,BARANGAN BERBUNGKUS,ESEN DAN RAGI,https://img.manamurah.com/barang_nobg/1616.png,200,image/png,54863,valid
1618,SUSU ISIAN PEKAT MANIS CAP F & N,500 g,BARANGAN BERBUNGKUS,KRIMER DAN SUSU TEPUNG,https://img.manamurah.com/barang_nobg/1618.png,200,image/png,162212,valid
1619,SUSU TEPUNG SEGERA DUTCHLADY (BIASA),600 g,BARANGAN BERBUNGKUS,KRIMER DAN SUSU TEPUNG,https://img.manamurah.com/barang_nobg/1619.png,200,image/png,162212,valid
1623,S-26 SMA RUMUSAN BAYI LANGKAH 1 - (KOTAK),600 g,SUSU DAN BARANGAN BAYI,SUSU BAYI,https://img.manamurah.com/barang_nobg/1623.png,200,image/png,30659,valid
1624,S-26 GOLD SMA RUMUSAN BAYI LANGKAH 1 - (KOTAK),600 g,SUSU DAN BARANGAN BAYI,SUSU BAYI,https://img.manamurah.com/barang_nobg/1624.png,200,image/png,32590,valid
1628,NESTLE CERELAC GANDUM DAN MADU - KOTAK,225g,SUSU DAN BARANGAN BAYI,MAKANAN BAYI,https://img.manamurah.com/barang_nobg/1628.png,200,image/png,40862,valid
1629,NESTLE CERELAC BERAS MERAH & SUSU - TIN,350 g,SUSU DAN BARANGAN BAYI,MAKANAN BAYI,https://img.manamurah.com/barang_nobg/1629.png,200,image/png,162212,valid
1630,BERUS GIGI COLGATE (TWISTER - SOFT),1 batang,PRODUK KEBERSIHAN,PENJAGAAN DIRI,https://img.manamurah.com/barang_nobg/1630.png,200,image/png,28826,valid
1635,NESTLE COFFEE-MATE,450 g,MINUMAN,BAHAN-BAHAN MINUMAN,https://img.manamurah.com/barang_nobg/1635.png,200,image/png,162212,valid
1636,MILO (PAKET),400 g,MINUMAN,BAHAN-BAHAN MINUMAN,https://img.manamurah.com/barang_nobg/1636.png,200,image/png,162212,valid
1637,MILO (PAKET),1kg,MINUMAN,BAHAN-BAHAN MINUMAN,https://img.manamurah.com/barang_nobg/1637.png,200,image/png,162212,valid
1638,MILO 3 IN 1 (PAKET) - ORIGINAL,30x33g,MINUMAN,BAHAN-BAHAN MINUMAN,https://img.manamurah.com/barang_nobg/1638.png,200,image/png,162212,valid
1645,SERBUK KOPI CAP KAPAL API (KASAR) (BERBUNGKUS),180 g,MINUMAN,BAHAN-BAHAN MINUMAN,https://img.manamurah.com/barang_nobg/1645.png,200,image/png,53542,valid
1646,SERBUK KOPI HANG TUAH ROBUSTA,200 g,MINUMAN,BAHAN-BAHAN MINUMAN,https://img.manamurah.com/barang_nobg/1646.png,200,image/png,162212,valid
1647,TEH LIPTON (SERBUK),400 g,MINUMAN,BAHAN-BAHAN MINUMAN,https://img.manamurah.com/barang_nobg/1647.png,200,image/png,162212,valid
1650,TEH LIPTON (UNCANG),100 beg,MINUMAN,BAHAN-BAHAN MINUMAN,https://img.manamurah.com/barang_nobg/1650.png,200,image/png,162212,valid
1651,YEO'S SOYA (KOTAK),250 ml,MINUMAN,TERSEDIA MINUM,https://img.manamurah.com/barang_nobg/1651.png,200,image/png,162212,valid
1652,PAPERMATE LIQUID PAPER (PEN),7ml,BARANGAN KEDAI SERBANEKA,ALAT TULIS DAN BAHAN BACAAN,https://img.manamurah.com/barang_nobg/1652.png,200,image/png,162212,valid
1653,UHU GLUE (GAM PELBAGAI KEGUNAAN),20ml,BARANGAN KEDAI SERBANEKA,ALAT TULIS DAN BAHAN BACAAN,https://img.manamurah.com/barang_nobg/1653.png,200,image/png,162212,valid
1654,MAJALAH CLEO,senaskah,BARANGAN KEDAI SERBANEKA,MAJALAH,https://img.manamurah.com/barang_nobg/1654.png,404,,0,missing
1657,MAJALAH MINGGUAN WANITA,senaskah,BARANGAN KEDAI SERBANEKA,MAJALAH,https://img.manamurah.com/barang_nobg/1657.png,404,,0,missing
1658,COLGATE TOOTHBRUSH EXTRA CLEAN MEDIUM,1 batang,BARANGAN KEDAI SERBANEKA,BERUS GIGI,https://img.manamurah.com/barang_nobg/1658.png,200,image/png,162212,valid
1659,DARLIE TRAVEL KIT ADULT,1 unit,BARANGAN KEDAI SERBANEKA,UBAT GIGI,https://img.manamurah.com/barang_nobg/1659.png,200,image/png,162212,valid
1669,KOTEX SOFT AND SMOOTH OVERNIGHT WING 8 PADS (28CM),paket,BARANGAN KEDAI SERBANEKA,TUALA WANITA,https://img.manamurah.com/barang_nobg/1669.png,200,image/png,162212,valid
1670,KOTEX SOFT & SMOOTH MAXI WING 10 PADS,paket,BARANGAN KEDAI SERBANEKA,TUALA WANITA,https://img.manamurah.com/barang_nobg/1670.png,200,image/png,162212,valid
1671,REJOICE RICH SOFT SMOOTH SHAMPOO,70ml,BARANGAN KEDAI SERBANEKA,SYAMPU,https://img.manamurah.com/barang_nobg/1671.png,200,image/png,162212,valid
1673,HEAD AND SHOULDERS COOL MENTHOL SHAMPOO,70ml,BARANGAN KEDAI SERBANEKA,SYAMPU,https://img.manamurah.com/barang_nobg/1673.png,200,image/png,162212,valid
1677,KLEENEX FACIAL TISSUE VINTAGE SOFTPACK 50S X 3,paket,BARANGAN KEDAI SERBANEKA,TISU,https://img.manamurah.com/barang_nobg/1677.png,200,image/png,162212,valid
1678,FUMAKILLA D1 (LINGKARAN NYAMUK) - 1 X 10'S,paket,BARANGAN KEDAI SERBANEKA,PENGHALAU NYAMUK,https://img.manamurah.com/barang_nobg/1678.png,200,image/png,162212,valid
1680,PANADOL ACTIFAST 10S,paket,BARANGAN KEDAI SERBANEKA,UBAT-UBATAN,https://img.manamurah.com/barang_nobg/1680.png,200,image/png,162212,valid
1682,STREPSILS ORIGINAL 6 LOZENGES,paket,BARANGAN KEDAI SERBANEKA,UBAT-UBATAN,https://img.manamurah.com/barang_nobg/1682.png,200,image/png,162212,valid
1683,MISTER POTATO CRISPS (PELBAGAI PERISA) - BOTOL,160 g,BARANGAN KEDAI SERBANEKA,MAKANAN RINGAN,https://img.manamurah.com/barang_nobg/1683.png,200,image/png,162200,valid
1684,PRINGLES POTATO CRISPS (PELBAGAI PERISA) - BOTOL,110 g,BARANGAN KEDAI SERBANEKA,MAKANAN RINGAN,https://img.manamurah.com/barang_nobg/1684.png,200,image/png,162212,valid
1685,MISTER POTATO CHIPS (PELBAGAI PERISA) - PAKET,75 g,BARANGAN KEDAI SERBANEKA,MAKANAN RINGAN,https://img.manamurah.com/barang_nobg/1685.png,200,image/png,162212,valid
1691,OREO BISKUT SANDWICH COKLAT JENAMA KRAFT (PELBAGAI PERISA),paket,BARANGAN KEDAI SERBANEKA,BISKUT,https://img.manamurah.com/barang_nobg/1691.png,200,image/png,162212,valid
1692,CREAM O BISKUT SANDWICH JENAMA JACK N JILL (PELBAGAI PERISA),132g,BARANGAN KEDAI SERBANEKA,BISKUT,https://img.manamurah.com/barang_nobg/1692.png,200,image/png,162212,valid
1693,CHIPSMORE ORIGINAL,163.2g,BARANGAN KEDAI SERBANEKA,BISKUT,https://img.manamurah.com/barang_nobg/1693.png,200,image/png,162212,valid
1695,ENO SACHET GINGER,2x4.3g,BARANGAN KEDAI SERBANEKA,UBAT-UBATAN,https://img.manamurah.com/barang_nobg/1695.png,200,image/png,159008,valid
1696,CHIPSMORE MINI HAZELNUTS,88g,BARANGAN KEDAI SERBANEKA,BISKUT,https://img.manamurah.com/barang_nobg/1696.png,200,image/png,162212,valid
1697,TIGER BISKUAT SUSU,75 g,BARANGAN KEDAI SERBANEKA,BISKUT,https://img.manamurah.com/barang_nobg/1697.png,200,image/png,162212,valid
1699,CADBURY DAIRY MILK HAZELNUT,40 g,BARANGAN KEDAI SERBANEKA,COKLAT,https://img.manamurah.com/barang_nobg/1699.png,200,image/png,162212,valid
1700,KINDER JOY FOR BOYS/FOR GIRLS,20 g,BARANGAN KEDAI SERBANEKA,COKLAT,https://img.manamurah.com/barang_nobg/1700.png,200,image/png,162212,valid
1701,TOBLERONE (MILK CHOCOLATE),50 g,BARANGAN KEDAI SERBANEKA,COKLAT,https://img.manamurah.com/barang_nobg/1701.png,200,image/png,162212,valid
1704,NIPS CHOCOLATE COATED ROASTED PEANUT,85g,BARANGAN KEDAI SERBANEKA,COKLAT,https://img.manamurah.com/barang_nobg/1704.png,200,image/png,162212,valid
1710,MAGGI HOT CUP (CURRY),64g,BARANGAN KEDAI SERBANEKA,MAKANAN SEGERA,https://img.manamurah.com/barang_nobg/1710.png,200,image/png,162212,valid
1712,YAKULT (ACE/ACE LIGHT),80ml,BARANGAN KEDAI SERBANEKA,MINUMAN,https://img.manamurah.com/barang_nobg/1712.png,200,image/png,162212,valid
1718,LIVITA WITH HONEY (TIN),250 ml,BARANGAN KEDAI SERBANEKA,MINUMAN,https://img.manamurah.com/barang_nobg/1718.png,200,image/png,162212,valid
1719,SEVEN UP LEMON & LIME,500 ml,BARANGAN KEDAI SERBANEKA,MINUMAN,https://img.manamurah.com/barang_nobg/1719.png,200,image/png,162212,valid
1725,THREE LEGS COOLING WATER,200 ml,BARANGAN KEDAI SERBANEKA,MINUMAN,https://img.manamurah.com/barang_nobg/1725.png,200,image/png,162212,valid
1727,COOL RHINO COOLING WATER,350ml,BARANGAN KEDAI SERBANEKA,MINUMAN,https://img.manamurah.com/barang_nobg/1727.png,200,image/png,162212,valid
1728,NASI GORENG BIASA,sepinggan,MAKANAN SIAP MASAK,NASI,https://img.manamurah.com/barang_nobg/1728.png,404,,0,missing
1729,NASI GORENG SEAFOOD,sepinggan,MAKANAN SIAP MASAK,NASI,https://img.manamurah.com/barang_nobg/1729.png,404,,0,missing
1730,MI GORENG BIASA,sepinggan,MAKANAN SIAP MASAK,MEE / BIHUN / KUEY TEOW,https://img.manamurah.com/barang_nobg/1730.png,404,,0,missing
1731,MI GORENG MAMAK,sepinggan,MAKANAN SIAP MASAK,MEE / BIHUN / KUEY TEOW,https://img.manamurah.com/barang_nobg/1731.png,404,,0,missing
1732,MI HAILAM,sepinggan,MAKANAN SIAP MASAK,MEE / BIHUN / KUEY TEOW,https://img.manamurah.com/barang_nobg/1732.png,404,,0,missing
1733,MI SUP (AYAM/DAGING),semangkuk,MAKANAN SIAP MASAK,MEE / BIHUN / KUEY TEOW,https://img.manamurah.com/barang_nobg/1733.png,404,,0,missing
1734,MI TOM YAM,semangkuk,MAKANAN SIAP MASAK,MEE / BIHUN / KUEY TEOW,https://img.manamurah.com/barang_nobg/1734.png,404,,0,missing
1735,MI BANDUNG,sepinggan,MAKANAN SIAP MASAK,MEE / BIHUN / KUEY TEOW,https://img.manamurah.com/barang_nobg/1735.png,404,,0,missing
1736,MI LADNA,sepinggan,MAKANAN SIAP MASAK,MEE / BIHUN / KUEY TEOW,https://img.manamurah.com/barang_nobg/1736.png,404,,0,missing
1737,MI KUNGFU,sepinggan,MAKANAN SIAP MASAK,MEE / BIHUN / KUEY TEOW,https://img.manamurah.com/barang_nobg/1737.png,404,,0,missing
1738,BIHUN SUP (AYAM/DAGING),semangkuk,MAKANAN SIAP MASAK,MEE / BIHUN / KUEY TEOW,https://img.manamurah.com/barang_nobg/1738.png,404,,0,missing
1739,KUETIAU GORENG BIASA,sepinggan,MAKANAN SIAP MASAK,MEE / BIHUN / KUEY TEOW,https://img.manamurah.com/barang_nobg/1739.png,404,,0,missing
1740,KUETIAU HAILAM,sepinggan,MAKANAN SIAP MASAK,MEE / BIHUN / KUEY TEOW,https://img.manamurah.com/barang_nobg/1740.png,404,,0,missing
1741,KUETIAU SUP (AYAM/DAGING),semangkuk,MAKANAN SIAP MASAK,MEE / BIHUN / KUEY TEOW,https://img.manamurah.com/barang_nobg/1741.png,404,,0,missing
1742,KUETIAU TOM YAM,semangkuk,MAKANAN SIAP MASAK,MEE / BIHUN / KUEY TEOW,https://img.manamurah.com/barang_nobg/1742.png,404,,0,missing
1743,KUETIAU BANDUNG,semangkuk,MAKANAN SIAP MASAK,MEE / BIHUN / KUEY TEOW,https://img.manamurah.com/barang_nobg/1743.png,404,,0,missing
1744,KUETIAU LADNA,sepinggan,MAKANAN SIAP MASAK,MEE / BIHUN / KUEY TEOW,https://img.manamurah.com/barang_nobg/1744.png,404,,0,missing
1745,KUETIAU KUNGFU,sepinggan,MAKANAN SIAP MASAK,MEE / BIHUN / KUEY TEOW,https://img.manamurah.com/barang_nobg/1745.png,404,,0,missing
1746,CHAR KUETIAU,sepinggan,MAKANAN SIAP MASAK,MEE / BIHUN / KUEY TEOW,https://img.manamurah.com/barang_nobg/1746.png,404,,0,missing
1747,MI HOKKIEN,sepinggan,MAKANAN SIAP MASAK,MEE / BIHUN / KUEY TEOW,https://img.manamurah.com/barang_nobg/1747.png,404,,0,missing
1748,KON LOH MI (KICAP),sepinggan,MAKANAN SIAP MASAK,MEE / BIHUN / KUEY TEOW,https://img.manamurah.com/barang_nobg/1748.png,404,,0,missing
1749,WAN TAN MI,semangkuk,MAKANAN SIAP MASAK,MEE / BIHUN / KUEY TEOW,https://img.manamurah.com/barang_nobg/1749.png,404,,0,missing
1750,MI UDANG,semangkuk,MAKANAN SIAP MASAK,MEE / BIHUN / KUEY TEOW,https://img.manamurah.com/barang_nobg/1750.png,404,,0,missing
1751,MI KARI,semangkuk,MAKANAN SIAP MASAK,MEE / BIHUN / KUEY TEOW,https://img.manamurah.com/barang_nobg/1751.png,404,,0,missing
1752,DAGING KAMBING MASAK KARI,sepiring,MAKANAN SIAP MASAK,LAUK,https://img.manamurah.com/barang_nobg/1752.png,404,,0,missing
1753,PAK CHOY SOS TIRAM,sepiring,MAKANAN SIAP MASAK,LAUK,https://img.manamurah.com/barang_nobg/1753.png,404,,0,missing
1754,SAYUR TAUGEH,sepiring,MAKANAN SIAP MASAK,LAUK,https://img.manamurah.com/barang_nobg/1754.png,404,,0,missing
1755,BABI (PORK) GORENG,sepiring,MAKANAN SIAP MASAK,LAUK,https://img.manamurah.com/barang_nobg/1755.png,404,,0,missing
1756,BABI (PORK) MASAM MANIS,sepiring,MAKANAN SIAP MASAK,LAUK,https://img.manamurah.com/barang_nobg/1756.png,404,,0,missing
1757,IKAN SIAKAP GORENG (SAIZ SEDERHANA),1 ekor,MAKANAN SIAP MASAK,LAUK,https://img.manamurah.com/barang_nobg/1757.png,404,,0,missing
1758,IKAN SIAKAP MASAM MANIS (SAIZ SEDERHANA),1 ekor,MAKANAN SIAP MASAK,LAUK,https://img.manamurah.com/barang_nobg/1758.png,404,,0,missing
1759,IKAN SIAKAP TIGA RASA (SAIZ SEDERHANA),1 ekor,MAKANAN SIAP MASAK,LAUK,https://img.manamurah.com/barang_nobg/1759.png,404,,0,missing
1760,IKAN SIAKAP KUKUS/STIM (SAIZ SEDERHANA),1 ekor,MAKANAN SIAP MASAK,LAUK,https://img.manamurah.com/barang_nobg/1760.png,404,,0,missing
1761,IKAN KERAPU GORENG (SAIZ SEDERHANA),1 ekor,MAKANAN SIAP MASAK,LAUK,https://img.manamurah.com/barang_nobg/1761.png,404,,0,missing
1762,IKAN KERAPU MASAM MANIS (SAIZ SEDERHANA),1 ekor,MAKANAN SIAP MASAK,LAUK,https://img.manamurah.com/barang_nobg/1762.png,404,,0,missing
1763,IKAN KERAPU TIGA RASA (SAIZ SEDERHANA),1 ekor,MAKANAN SIAP MASAK,LAUK,https://img.manamurah.com/barang_nobg/1763.png,404,,0,missing
1764,IKAN KERAPU KUKUS/STIM (SAIZ SEDERHANA),1 ekor,MAKANAN SIAP MASAK,LAUK,https://img.manamurah.com/barang_nobg/1764.png,404,,0,missing
1765,IKAN BAWAL HITAM GORENG (SAIZ SEDERHANA),1 ekor,MAKANAN SIAP MASAK,LAUK,https://img.manamurah.com/barang_nobg/1765.png,404,,0,missing
1766,IKAN BAWAL HITAM MASAM MANIS (SAIZ SEDERHANA),1 ekor,MAKANAN SIAP MASAK,LAUK,https://img.manamurah.com/barang_nobg/1766.png,404,,0,missing
1767,IKAN BAWAL HITAM TIGA RASA (SAIZ SEDERHANA),1 ekor,MAKANAN SIAP MASAK,LAUK,https://img.manamurah.com/barang_nobg/1767.png,404,,0,missing
1768,IKAN BAWAL HITAM KUKUS/STIM (SAIZ SEDERHANA),1 ekor,MAKANAN SIAP MASAK,LAUK,https://img.manamurah.com/barang_nobg/1768.png,404,,0,missing
1769,IKAN BAWAL PUTIH GORENG (SAIZ SEDERHANA),1 ekor,MAKANAN SIAP MASAK,LAUK,https://img.manamurah.com/barang_nobg/1769.png,404,,0,missing
1770,IKAN BAWAL PUTIH MASAM MANIS (SAIZ SEDERHANA),1 ekor,MAKANAN SIAP MASAK,LAUK,https://img.manamurah.com/barang_nobg/1770.png,404,,0,missing
1771,IKAN BAWAL PUTIH KUKUS/STIM (SAIZ SEDERHANA),1 ekor,MAKANAN SIAP MASAK,LAUK,https://img.manamurah.com/barang_nobg/1771.png,404,,0,missing
1772,IKAN KEMBUNG GORENG (SAIZ SEDERHANA),1 ekor,MAKANAN SIAP MASAK,LAUK,https://img.manamurah.com/barang_nobg/1772.png,404,,0,missing
1773,IKAN KEMBUNG MASAK KICAP (SAIZ SEDERHANA),1 ekor,MAKANAN SIAP MASAK,LAUK,https://img.manamurah.com/barang_nobg/1773.png,404,,0,missing
1774,IKAN KEMBUNG TIGA RASA (SAIZ SEDERHANA),1 ekor,MAKANAN SIAP MASAK,LAUK,https://img.manamurah.com/barang_nobg/1774.png,404,,0,missing
1775,IKAN TENGGIRI GORENG,sekeping,MAKANAN SIAP MASAK,LAUK,https://img.manamurah.com/barang_nobg/1775.png,404,,0,missing
1776,IKAN TENGGIRI MASAK KARI,sekeping,MAKANAN SIAP MASAK,LAUK,https://img.manamurah.com/barang_nobg/1776.png,404,,0,missing
1777,IKAN TILAPIA GORENG BIASA (SAIZ SEDERHANA),1 ekor,MAKANAN SIAP MASAK,LAUK,https://img.manamurah.com/barang_nobg/1777.png,404,,0,missing
1778,IKAN TILAPIA MASAM MANIS (SAIZ SEDERHANA),1 ekor,MAKANAN SIAP MASAK,LAUK,https://img.manamurah.com/barang_nobg/1778.png,404,,0,missing
1779,IKAN TILAPIA KUKUS/STIM (SAIZ SEDERHANA),1 ekor,MAKANAN SIAP MASAK,LAUK,https://img.manamurah.com/barang_nobg/1779.png,404,,0,missing
1780,SUP PERUT,semangkuk,MAKANAN SIAP MASAK,LAUK,https://img.manamurah.com/barang_nobg/1780.png,404,,0,missing
1782,ROTI NAAN,sekeping,MAKANAN SIAP MASAK,LAIN-LAIN,https://img.manamurah.com/barang_nobg/1782.png,404,,0,missing
1783,ROTI CANAI BIASA,sekeping,MAKANAN SIAP MASAK,LAIN-LAIN,https://img.manamurah.com/barang_nobg/1783.png,404,,0,missing
1784,KUIH KARIPAP (KENTANG),sebiji,MAKANAN SIAP MASAK,LAIN-LAIN,https://img.manamurah.com/barang_nobg/1784.png,404,,0,missing
1785,VADAI MASALA,sebiji,MAKANAN SIAP MASAK,LAIN-LAIN,https://img.manamurah.com/barang_nobg/1785.png,404,,0,missing
1786,VADAI ULUNDHU,sebiji,MAKANAN SIAP MASAK,LAIN-LAIN,https://img.manamurah.com/barang_nobg/1786.png,404,,0,missing
1787,ROJAK BIASA,sepinggan,MAKANAN SIAP MASAK,LAIN-LAIN,https://img.manamurah.com/barang_nobg/1787.png,404,,0,missing
1788,ROJAK MI,sepinggan,MAKANAN SIAP MASAK,LAIN-LAIN,https://img.manamurah.com/barang_nobg/1788.png,404,,0,missing
1789,TEH TARIK PANAS,gelas kecil,MAKANAN SIAP MASAK,MINUMAN,https://img.manamurah.com/barang_nobg/1789.png,404,,0,missing
1790,"KOPI ""O"" AIS",gelas besar,MAKANAN SIAP MASAK,MINUMAN,https://img.manamurah.com/barang_nobg/1790.png,404,,0,missing
1791,KOPI AIS,gelas besar,MAKANAN SIAP MASAK,MINUMAN,https://img.manamurah.com/barang_nobg/1791.png,404,,0,missing
1792,TEH AIS,gelas besar,MAKANAN SIAP MASAK,MINUMAN,https://img.manamurah.com/barang_nobg/1792.png,404,,0,missing
1793,NESCAFE AIS,gelas besar,MAKANAN SIAP MASAK,MINUMAN,https://img.manamurah.com/barang_nobg/1793.png,404,,0,missing
1794,LIMAU AIS,gelas besar,MAKANAN SIAP MASAK,MINUMAN,https://img.manamurah.com/barang_nobg/1794.png,404,,0,missing
1795,JUS OREN,segelas,MAKANAN SIAP MASAK,MINUMAN,https://img.manamurah.com/barang_nobg/1795.png,404,,0,missing
1796,CARROT SUSU,segelas,MAKANAN SIAP MASAK,MINUMAN,https://img.manamurah.com/barang_nobg/1796.png,404,,0,missing
1804,KEPAK AYAM (CHICKEN WING),1kg,BARANGAN SEGAR,AYAM,https://img.manamurah.com/barang_nobg/1804.png,200,image/png,162212,valid
1808,MENTOS (PELBAGAI PERISA),37g,BARANGAN KEDAI SERBANEKA,COKLAT,https://img.manamurah.com/barang_nobg/1808.png,404,,0,missing
1814,LIMAU PANAS,gelas kecil,MAKANAN SIAP MASAK,MINUMAN,https://img.manamurah.com/barang_nobg/1814.png,404,,0,missing
1818,KACANG BOTOL,1kg,BARANGAN SEGAR,SAYUR-SAYURAN,https://img.manamurah.com/barang_nobg/1818.png,200,image/png,162212,valid
1819,LENGKUAS,1kg,BARANGAN SEGAR,SAYUR-SAYURAN,https://img.manamurah.com/barang_nobg/1819.png,200,image/png,162212,valid
1820,TELUR MASIN,1 biji,BARANGAN SEGAR,TELUR,https://img.manamurah.com/barang_nobg/1820.png,200,image/png,162212,valid
1821,TELUR MASIN,4 Biji,BARANGAN SEGAR,TELUR,https://img.manamurah.com/barang_nobg/1821.png,200,image/png,162212,valid
1822,BERAS PUTIH IMPORT SABAH RICE VAGAS TOKOU,10 kg,BARANGAN BERBUNGKUS,BERAS,https://img.manamurah.com/barang_nobg/1822.png,200,image/png,39269,valid
1823,BERAS TKC SABAH CAP TQR 5%,10 kg,BARANGAN BERBUNGKUS,BERAS,https://img.manamurah.com/barang_nobg/1823.png,200,image/png,44308,valid
1824,BERAS TKC SUPER HUMA CAP KELISA EMAS (SABAH),10 kg,BARANGAN BERBUNGKUS,BERAS,https://img.manamurah.com/barang_nobg/1824.png,200,image/png,41618,valid
1825,BERAS SUPER SAZARICE CAP ANGGUR (BERAS PUTIH IMPORT ),10 kg,BARANGAN BERBUNGKUS,BERAS,https://img.manamurah.com/barang_nobg/1825.png,200,image/png,54008,valid
1826,BERAS SUPER SAZARICE CAP RODA (BERAS PUTIH IMPORT),10 kg,BARANGAN BERBUNGKUS,BERAS,https://img.manamurah.com/barang_nobg/1826.png,200,image/png,162212,valid
1827,"TEPUNG GANDUM NGP (BERBUNGKUS, CAP MUHIBAH)",1kg,BARANGAN BERBUNGKUS,TEPUNG,https://img.manamurah.com/barang_nobg/1827.png,200,image/png,162212,valid
1828,KICAP SOYA PEKAT MANIS CAP AYAM,330 ml,BARANGAN BERBUNGKUS,KICAP DAN SOS,https://img.manamurah.com/barang_nobg/1828.png,200,image/png,162212,valid
1829,BUTTERLITE (LEPA SUSU ISTIMEWA),250 g,BARANGAN BERBUNGKUS,SAPUAN (SPREADS),https://img.manamurah.com/barang_nobg/1829.png,200,image/png,162212,valid
1832,BERAS CAP BAO-BAO GOLDEN SARAWAK (SUPER IMPORT),10 kg,BARANGAN BERBUNGKUS,BERAS,https://img.manamurah.com/barang_nobg/1832.png,200,image/png,162212,valid
1833,BERAS PREMIUM CAP UNCLE TAN (SUPER IMPORT),10 kg,BARANGAN BERBUNGKUS,BERAS,https://img.manamurah.com/barang_nobg/1833.png,200,image/png,46256,valid
1835,BIHUN KERING (CAP SWALLOW KONG MOON),400 g,BARANGAN BERBUNGKUS,BIHUN,https://img.manamurah.com/barang_nobg/1835.png,404,,0,missing
1837,KICAP TONG NAM (DARK SOY SAUCE),330 ml,BARANGAN BERBUNGKUS,KICAP DAN SOS,https://img.manamurah.com/barang_nobg/1837.png,200,image/png,162212,valid
1838,SERBUK KARI IKAN ALAGAPPAS,200 g,BARANGAN BERBUNGKUS,REMPAH RATUS (BERBUNGKUS),https://img.manamurah.com/barang_nobg/1838.png,200,image/png,162212,valid
1839,SERBUK KARI DAGING ALAGAPPAS,200 g,BARANGAN BERBUNGKUS,REMPAH RATUS (BERBUNGKUS),https://img.manamurah.com/barang_nobg/1839.png,200,image/png,162212,valid
1849,TEPUNG NAIK SENDIRI CAP 'BLUE KEY',1kg,BARANGAN BERBUNGKUS,TEPUNG,https://img.manamurah.com/barang_nobg/1849.png,200,image/png,162212,valid
1851,TENOM COFFEE WANG EMAS (SERBUK),180 g,MINUMAN,BAHAN-BAHAN MINUMAN,https://img.manamurah.com/barang_nobg/1851.png,200,image/png,42701,valid
1852,DESA FRESH MILK (KOTAK),1 liter,MINUMAN,TERSEDIA MINUM,https://img.manamurah.com/barang_nobg/1852.png,200,image/png,162212,valid
1854,KORDIAL F&N SUN VALLEY (PELBAGAI PERISA),2 liter,MINUMAN,BAHAN-BAHAN MINUMAN,https://img.manamurah.com/barang_nobg/1854.png,200,image/png,32713,valid
1856,SERBUK KOPIMAS COFFEE (BOLD TRADITIONS),200 g,MINUMAN,BAHAN-BAHAN MINUMAN,https://img.manamurah.com/barang_nobg/1856.png,200,image/png,162212,valid
1857,NASI KERABU (BIASA),sepinggan,MAKANAN SIAP MASAK,NASI,https://img.manamurah.com/barang_nobg/1857.png,404,,0,missing
1858,NASI DAGANG (BIASA),sepinggan,MAKANAN SIAP MASAK,NASI,https://img.manamurah.com/barang_nobg/1858.png,404,,0,missing
1859,"TEH ""O"" AIS",gelas besar,MAKANAN SIAP MASAK,MINUMAN,https://img.manamurah.com/barang_nobg/1859.png,404,,0,missing
1860,"TEH ""O"" LIMAU AIS",gelas besar,MAKANAN SIAP MASAK,MINUMAN,https://img.manamurah.com/barang_nobg/1860.png,404,,0,missing
1861,TEH HALIA AIS,gelas besar,MAKANAN SIAP MASAK,MINUMAN,https://img.manamurah.com/barang_nobg/1861.png,200,image/png,162212,valid
1862,"NESCAFE ""O"" AIS",gelas besar,MAKANAN SIAP MASAK,MINUMAN,https://img.manamurah.com/barang_nobg/1862.png,404,,0,missing
1863,NESLO AIS,gelas besar,MAKANAN SIAP MASAK,MINUMAN,https://img.manamurah.com/barang_nobg/1863.png,404,,0,missing
1864,HORLICKS AIS,gelas besar,MAKANAN SIAP MASAK,MINUMAN,https://img.manamurah.com/barang_nobg/1864.png,404,,0,missing
1865,MILO AIS,gelas besar,MAKANAN SIAP MASAK,MINUMAN,https://img.manamurah.com/barang_nobg/1865.png,404,,0,missing
1866,"MILO ""O"" AIS",gelas besar,MAKANAN SIAP MASAK,MINUMAN,https://img.manamurah.com/barang_nobg/1866.png,404,,0,missing
1867,SIRAP AIS,gelas besar,MAKANAN SIAP MASAK,MINUMAN,https://img.manamurah.com/barang_nobg/1867.png,404,,0,missing
1868,SIRAP LIMAU AIS,gelas besar,MAKANAN SIAP MASAK,MINUMAN,https://img.manamurah.com/barang_nobg/1868.png,404,,0,missing
1869,SIRAP BANDUNG AIS,gelas besar,MAKANAN SIAP MASAK,MINUMAN,https://img.manamurah.com/barang_nobg/1869.png,404,,0,missing
1870,"TEPUNG GANDUM NGP (BERBUNGKUS, CAP  FAIZA)",1kg,BARANGAN BERBUNGKUS,TEPUNG,https://img.manamurah.com/barang_nobg/1870.png,200,image/png,162212,valid
1871,KRIMER SEJAT CAIR SAJI,390g,BARANGAN BERBUNGKUS,KRIMER DAN SUSU TEPUNG,https://img.manamurah.com/barang_nobg/1871.png,200,image/png,162212,valid
1872,MAYONIS SEBENAR LADY'S CHOICE,220ml,BARANGAN BERBUNGKUS,SAPUAN (SPREADS),https://img.manamurah.com/barang_nobg/1872.png,200,image/png,162212,valid
1873,KRIMER MANIS CAP TEAPOT,500 g,BARANGAN BERBUNGKUS,KRIMER DAN SUSU TEPUNG,https://img.manamurah.com/barang_nobg/1873.png,200,image/png,162212,valid
1874,DUTCH LADY 123 (BIASA),900 g,SUSU DAN BARANGAN BAYI,SUSU BAYI,https://img.manamurah.com/barang_nobg/1874.png,200,image/png,162212,valid
1876,PELEMBUT PAKAIAN - DOWNY (PREMIUM PARFUM PASSION),800ml,PRODUK KEBERSIHAN,PENJAGAAN RUMAH,https://img.manamurah.com/barang_nobg/1876.png,200,image/png,162212,valid
1877,NESCAFE BLEND & BREW 3 IN 1 (PAKET ) - ORIGINAL,28x19g,MINUMAN,BAHAN-BAHAN MINUMAN,https://img.manamurah.com/barang_nobg/1877.png,200,image/png,162200,valid
1879,SEVEN UP LEMON & LIME (TIN),320ml,MINUMAN,TERSEDIA MINUM,https://img.manamurah.com/barang_nobg/1879.png,200,image/png,162212,valid
1880,YOGURT LACTEL (FAT FREE) (STRAWBERRY),125 g,MINUMAN,TERSEDIA MINUM,https://img.manamurah.com/barang_nobg/1880.png,200,image/png,162212,valid
1881,SERBUK CABAI ALAGAPPAS,230g,BARANGAN BERBUNGKUS,REMPAH RATUS (BERBUNGKUS),https://img.manamurah.com/barang_nobg/1881.png,200,image/png,162212,valid
1882,TUNA CAP AYAM (TUNA MAYONNAISE),160 g,BARANGAN BERBUNGKUS,IKAN DALAM TIN,https://img.manamurah.com/barang_nobg/1882.png,200,image/png,162212,valid
1884,SABUN SERBUK FAB (PERFECT),720g,PRODUK KEBERSIHAN,PENJAGAAN RUMAH,https://img.manamurah.com/barang_nobg/1884.png,200,image/png,162212,valid
1886,PEMBARIS PLASTIK FABER CASTELL - 15CM,1 unit,BARANGAN KEDAI SERBANEKA,ALAT TULIS DAN BAHAN BACAAN,https://img.manamurah.com/barang_nobg/1886.png,200,image/png,162212,valid
1887,DETTOL SHOWER FOAM ORIGINAL,250 ml,BARANGAN KEDAI SERBANEKA,SABUN BADAN,https://img.manamurah.com/barang_nobg/1887.png,200,image/png,162212,valid
1889,AMBI PUR GEL FRESH AIR FRESHENER (PELBAGAI JENIS),180ml,BARANGAN KEDAI SERBANEKA,PEWANGI RUMAH,https://img.manamurah.com/barang_nobg/1889.png,200,image/png,162212,valid
1890,BYE BYE FEVER SUPER COOL (DEWASA),6sheets,BARANGAN KEDAI SERBANEKA,UBAT-UBATAN,https://img.manamurah.com/barang_nobg/1890.png,200,image/png,162212,valid
1891,SUPER RING SNACKS CHEESE,60 g,BARANGAN KEDAI SERBANEKA,MAKANAN RINGAN,https://img.manamurah.com/barang_nobg/1891.png,200,image/png,162212,valid
1893,MUNCHY'S MUZIC WAFER VANILLA CUBE,90g,BARANGAN KEDAI SERBANEKA,BISKUT,https://img.manamurah.com/barang_nobg/1893.png,200,image/png,162212,valid
1894,CALPIS (PELBAGAI PERISA),350ml,BARANGAN KEDAI SERBANEKA,MINUMAN,https://img.manamurah.com/barang_nobg/1894.png,200,image/png,162212,valid
1896,COCA COLA LIGHT,320ml,BARANGAN KEDAI SERBANEKA,MINUMAN,https://img.manamurah.com/barang_nobg/1896.png,200,image/png,162212,valid
1899,CILI KERING KERINTING (BERTANGKAI/TIDAK BERTANGKAI),1kg,BARANGAN KERING,CILI KERING,https://img.manamurah.com/barang_nobg/1899.png,200,image/png,162212,valid
1900,CILI KERING LEPER (BERTANGKAI/TIDAK BERTANGKAI),1kg,BARANGAN KERING,CILI KERING,https://img.manamurah.com/barang_nobg/1900.png,200,image/png,162212,valid
1902,BERAS SAZARICE SUPER WR (BERAS PUTIH IMPORT),10 kg,BARANGAN BERBUNGKUS,BERAS,https://img.manamurah.com/barang_nobg/1902.png,200,image/png,162212,valid
1903,BERAS KELAS MAHIR SUPER IMPORT RICE (5%),10 kg,BARANGAN BERBUNGKUS,BERAS,https://img.manamurah.com/barang_nobg/1903.png,404,,0,missing
1904,DUMEX DUGRO 3 (1-3 TAHUN) (PELBAGAI PERISA),850g,SUSU DAN BARANGAN BAYI,SUSU BAYI,https://img.manamurah.com/barang_nobg/1904.png,200,image/png,162212,valid
1905,MAGGI 2 MINUTE NOODLE CURRY FLAVOUR (5X79G),5 X 79g,BARANGAN BERBUNGKUS,MI SEGERA,https://img.manamurah.com/barang_nobg/1905.png,200,image/png,162212,valid
1907,DAGING KAMBING BEBIRI IMPORT BERTULANG (LAMB) (AUSTRALIA - KOTAK) (1KG),1kg,BARANGAN SEGAR,DAGING,https://img.manamurah.com/barang_nobg/1907.png,200,image/png,162212,valid
1908,DAGING KAMBING BEBIRI IMPORT BERTULANG (LAMB) (NEW ZEALAND - KOTAK),1kg,BARANGAN SEGAR,DAGING,https://img.manamurah.com/barang_nobg/1908.png,200,image/png,162212,valid
1909,DAGING KAMBING BEBIRI IMPORT TANPA TULANG (LAMB) (TIDAK TERMASUK PAHA - AUSTRALIA),1kg,BARANGAN SEGAR,DAGING,https://img.manamurah.com/barang_nobg/1909.png,200,image/png,162212,valid
1910,DAGING KAMBING BEBIRI IMPORT TANPA TULANG (LAMB) (TIDAK TERMASUK PAHA - NEW ZEALAND),1kg,BARANGAN SEGAR,DAGING,https://img.manamurah.com/barang_nobg/1910.png,200,image/png,162212,valid
1911,DAGING PAHA KAMBING BEBIRI IMPORT BERTULANG (LAMB) (AUSTRALIA),1kg,BARANGAN SEGAR,DAGING,https://img.manamurah.com/barang_nobg/1911.png,200,image/png,162212,valid
1912,DAGING PAHA KAMBING BEBIRI IMPORT BERTULANG (LAMB) (NEW ZEALAND),1kg,BARANGAN SEGAR,DAGING,https://img.manamurah.com/barang_nobg/1912.png,200,image/png,162212,valid
1913,DAGING LEMBU IMPORT (BLOCK),1kg,BARANGAN SEGAR,DAGING,https://img.manamurah.com/barang_nobg/1913.png,200,image/png,162212,valid
1914,DAGING KERBAU IMPORT (INDIA) (BLOCK),1kg,BARANGAN SEGAR,DAGING,https://img.manamurah.com/barang_nobg/1914.png,200,image/png,162212,valid
1915,IKAN JENAHAK (KEPINGAN),1kg,BARANGAN SEGAR,BAHAN LAUT,https://img.manamurah.com/barang_nobg/1915.png,200,image/png,162212,valid
1916,IKAN DEMUDUK/CUPAK/CERMIN (≤ 3 EKOR SEKILOGRAM),1kg,BARANGAN SEGAR,BAHAN LAUT,https://img.manamurah.com/barang_nobg/1916.png,200,image/png,29879,valid
1917,IKAN PARANG (KEPINGAN),1kg,BARANGAN SEGAR,BAHAN LAUT,https://img.manamurah.com/barang_nobg/1917.png,200,image/png,162212,valid
1918,IKAN TERUBOK (b	$ 4 EKOR SEKILOGRAM),1kg,BARANGAN SEGAR,BAHAN LAUT,https://img.manamurah.com/barang_nobg/1918.png,200,image/png,24239,valid
1919,UDANG PUTIH BESAR (ANTARA 20 HINGGA 30 EKOR SEKILOGRAM),1kg,BARANGAN SEGAR,BAHAN LAUT,https://img.manamurah.com/barang_nobg/1919.png,200,image/png,24706,valid
1920,KERANG (SAIZ SEDERHANA),1kg,BARANGAN SEGAR,BAHAN LAUT,https://img.manamurah.com/barang_nobg/1920.png,200,image/png,32432,valid
1921,IKAN TILAPIA MERAH (ANTARA 2 HINGGA 5 EKOR SEKILOGRAM),1kg,BARANGAN SEGAR,IKAN DARAT,https://img.manamurah.com/barang_nobg/1921.png,200,image/png,162212,valid
1922,SADERI,1kg,BARANGAN SEGAR,SAYUR-SAYURAN,https://img.manamurah.com/barang_nobg/1922.png,200,image/png,162212,valid
1923,TERUNG BULAT,1kg,BARANGAN SEGAR,SAYUR-SAYURAN,https://img.manamurah.com/barang_nobg/1923.png,200,image/png,162212,valid
1924,SERBUK KUNYIT ALAGAPPAS,230g,BARANGAN BERBUNGKUS,REMPAH RATUS (BERBUNGKUS),https://img.manamurah.com/barang_nobg/1924.png,200,image/png,43066,valid
1925,CILI API/PADI MERAH,1kg,BARANGAN SEGAR,SAYUR-SAYURAN,https://img.manamurah.com/barang_nobg/1925.png,200,image/png,162212,valid
1926,CILI AKAR HIJAU,1kg,BARANGAN SEGAR,SAYUR-SAYURAN,https://img.manamurah.com/barang_nobg/1926.png,200,image/png,162212,valid
1927,CILI AKAR MERAH,1kg,BARANGAN SEGAR,SAYUR-SAYURAN,https://img.manamurah.com/barang_nobg/1927.png,200,image/png,162212,valid
1928,LIMAU KASTURI,1kg,BARANGAN SEGAR,BUAH-BUAHAN,https://img.manamurah.com/barang_nobg/1928.png,200,image/png,162212,valid
1929,SANTAN KELAPA SEGAR (PEKAT),1kg,BARANGAN SEGAR,KELAPA,https://img.manamurah.com/barang_nobg/1929.png,200,image/png,26843,valid
1930,TELUR AYAM KAMPUNG,10 biji,BARANGAN SEGAR,TELUR,https://img.manamurah.com/barang_nobg/1930.png,200,image/png,162212,valid
1931,BAWANG BESAR IMPORT (PAKISTAN),1kg,BARANGAN KERING,BAWANG,https://img.manamurah.com/barang_nobg/1931.png,200,image/png,162212,valid
1933,BAWANG KECIL MERAH IMPORT (HOLLAND),1kg,BARANGAN KERING,BAWANG,https://img.manamurah.com/barang_nobg/1933.png,200,image/png,162212,valid
1934,MINYAK MASAK SEBATIAN CAP ADELA GOLD,1kg,BARANGAN BERBUNGKUS,MINYAK DAN LEMAK,https://img.manamurah.com/barang_nobg/1934.png,200,image/png,162212,valid
1935,MINYAK MASAK SEBATIAN CAP ADELA GOLD,2 kg,BARANGAN BERBUNGKUS,MINYAK DAN LEMAK,https://img.manamurah.com/barang_nobg/1935.png,200,image/png,43874,valid
1936,MINYAK MASAK SEBATIAN CAP ADELA GOLD,5 kg,BARANGAN BERBUNGKUS,MINYAK DAN LEMAK,https://img.manamurah.com/barang_nobg/1936.png,200,image/png,162212,valid
1937,MINYAK MASAK TULEN CAP SAJI,1kg,BARANGAN BERBUNGKUS,MINYAK DAN LEMAK,https://img.manamurah.com/barang_nobg/1937.png,200,image/png,162212,valid
1938,MINYAK MASAK TULEN CAP SAJI,2 kg,BARANGAN BERBUNGKUS,MINYAK DAN LEMAK,https://img.manamurah.com/barang_nobg/1938.png,200,image/png,42123,valid
1939,MINYAK MASAK TULEN CAP SAJI,5 kg,BARANGAN BERBUNGKUS,MINYAK DAN LEMAK,https://img.manamurah.com/barang_nobg/1939.png,200,image/png,162212,valid
1940,MINYAK MASAK TULEN CAP ALIF,1kg,BARANGAN BERBUNGKUS,MINYAK DAN LEMAK,https://img.manamurah.com/barang_nobg/1940.png,200,image/png,162212,valid
1941,MINYAK MASAK TULEN CAP ALIF,2 kg,BARANGAN BERBUNGKUS,MINYAK DAN LEMAK,https://img.manamurah.com/barang_nobg/1941.png,200,image/png,162212,valid
1942,MINYAK MASAK TULEN CAP ALIF,5 kg,BARANGAN BERBUNGKUS,MINYAK DAN LEMAK,https://img.manamurah.com/barang_nobg/1942.png,200,image/png,162212,valid
1943,KACANG MERAH (IMPORT),1kg,BARANGAN KERING,KACANG,https://img.manamurah.com/barang_nobg/1943.png,200,image/png,162212,valid
1944,KACANG SOYA (IMPORT),1kg,BARANGAN KERING,KACANG,https://img.manamurah.com/barang_nobg/1944.png,200,image/png,162212,valid
1945,TAUHU (JENIS KERAS),sekeping,BARANGAN SEGAR,TAUHU DAN TEMPE,https://img.manamurah.com/barang_nobg/1945.png,200,image/png,162212,valid
1946,TEMPE (BUNGKUSAN PLASTIK),sekeping,BARANGAN SEGAR,TAUHU DAN TEMPE,https://img.manamurah.com/barang_nobg/1946.png,200,image/png,30861,valid
1947,SERBUK PENAIK ROYAL (TIN),113g,BARANGAN BERBUNGKUS,ESEN DAN RAGI,https://img.manamurah.com/barang_nobg/1947.png,200,image/png,162212,valid
1948,RAGI BULAT/RAGI TAPAI,1 biji,BARANGAN BERBUNGKUS,ESEN DAN RAGI,https://img.manamurah.com/barang_nobg/1948.png,200,image/png,162212,valid
1949,ROTI WHOLEMEAL (PELBAGAI JENAMA),400 g,BARANGAN BERBUNGKUS,ROTI,https://img.manamurah.com/barang_nobg/1949.png,200,image/png,162212,valid
1950,BUNGA RAYA YIS SEGERA,11g,BARANGAN BERBUNGKUS,ESEN DAN RAGI,https://img.manamurah.com/barang_nobg/1950.png,200,image/png,162212,valid
1951,BERAS PREMIUM CAP 3A BOY (SUPER IMPORT),10 kg,BARANGAN BERBUNGKUS,BERAS,https://img.manamurah.com/barang_nobg/1951.png,200,image/png,162212,valid
1952,KRIMER SEJAT CAP F&N,390g,BARANGAN BERBUNGKUS,KRIMER DAN SUSU TEPUNG,https://img.manamurah.com/barang_nobg/1952.png,200,image/png,162212,valid
1953,KRIMER MANIS PEKAT CAP SAJI,500 g,BARANGAN BERBUNGKUS,KRIMER DAN SUSU TEPUNG,https://img.manamurah.com/barang_nobg/1953.png,200,image/png,162212,valid
1954,SUSU TEPUNG SEGERA EVERYDAY,900 g,BARANGAN BERBUNGKUS,KRIMER DAN SUSU TEPUNG,https://img.manamurah.com/barang_nobg/1954.png,200,image/png,162212,valid
1955,YOGURT MARIGOLD (LOW FAT) (STRAWBERRY),130g,MINUMAN,TERSEDIA MINUM,https://img.manamurah.com/barang_nobg/1955.png,200,image/png,162212,valid
1956,NAN PRO LANGKAH 1 RUMUSAN BAYI (KOTAK),600 g,SUSU DAN BARANGAN BAYI,SUSU BAYI,https://img.manamurah.com/barang_nobg/1956.png,200,image/png,40176,valid
1957,NAN PRO LANGKAH 2 RUMUSAN SUSULAN (KOTAK),600 g,SUSU DAN BARANGAN BAYI,SUSU BAYI,https://img.manamurah.com/barang_nobg/1957.png,200,image/png,162212,valid
1958,NANKID OPTIPRO LANGKAH 3 RUMUSAN UNTUK KANAK-KANAK,600 g,SUSU DAN BARANGAN BAYI,SUSU BAYI,https://img.manamurah.com/barang_nobg/1958.png,200,image/png,162212,valid
1959,SUSU SEGAR FARM FRESH,1 liter,MINUMAN,TERSEDIA MINUM,https://img.manamurah.com/barang_nobg/1959.png,200,image/png,162212,valid
1960,SUSU SEGAR KURMA FARM FRESH,700 g,MINUMAN,TERSEDIA MINUM,https://img.manamurah.com/barang_nobg/1960.png,200,image/png,162212,valid
1961,ANMUM ESSENTIAL LANGKAH 4 PERISA ASLI (TANPA GULA TAMBAHAN) - TIN,1.5kg,SUSU DAN BARANGAN BAYI,SUSU BAYI,https://img.manamurah.com/barang_nobg/1961.png,200,image/png,162212,valid
1962,NESTUM (ORIGINAL),500 g,MINUMAN,BAHAN-BAHAN MINUMAN,https://img.manamurah.com/barang_nobg/1962.png,200,image/png,162212,valid
1963,ANMUM ESSENTIAL LANGKAH 4 PERISA ASLI (TANPA GULA TAMBAHAN) - KOTAK,550 g,SUSU DAN BARANGAN BAYI,SUSU BAYI,https://img.manamurah.com/barang_nobg/1963.png,200,image/png,43278,valid
1964,QUAKER OATS INSTANT OATMEALS,1kg,MINUMAN,BAHAN-BAHAN MINUMAN,https://img.manamurah.com/barang_nobg/1964.png,200,image/png,162212,valid
1965,PEDIASURE (VANILA),600 g,SUSU DAN BARANGAN BAYI,SUSU BAYI,https://img.manamurah.com/barang_nobg/1965.png,200,image/png,38904,valid
1966,MILNA BISKUT RUSK (PELBAGAI PERISA),130g,SUSU DAN BARANGAN BAYI,MAKANAN BAYI,https://img.manamurah.com/barang_nobg/1966.png,200,image/png,22903,valid
1967,PETPET GOLD+,M70,SUSU DAN BARANGAN BAYI,LAMPIN PAKAI BUANG,https://img.manamurah.com/barang_nobg/1967.png,200,image/png,27385,valid
1968,DRYPERS WEE WEE DRY (M74),M74,SUSU DAN BARANGAN BAYI,LAMPIN PAKAI BUANG,https://img.manamurah.com/barang_nobg/1968.png,200,image/png,31496,valid
1969,HUGGIES DRY DIAPERS (M72),M72,SUSU DAN BARANGAN BAYI,LAMPIN PAKAI BUANG,https://img.manamurah.com/barang_nobg/1969.png,200,image/png,162212,valid
1970,DIAPEX EASY,M70,SUSU DAN BARANGAN BAYI,LAMPIN PAKAI BUANG,https://img.manamurah.com/barang_nobg/1970.png,200,image/png,162212,valid
1971,FITTI,M60,SUSU DAN BARANGAN BAYI,LAMPIN PAKAI BUANG,https://img.manamurah.com/barang_nobg/1971.png,200,image/png,162212,valid
1972,MAMYPOKO EXTRA DRY,M54,SUSU DAN BARANGAN BAYI,LAMPIN PAKAI BUANG,https://img.manamurah.com/barang_nobg/1972.png,200,image/png,34092,valid
1973,PETPET DAY NIGHT PANTS,M54,SUSU DAN BARANGAN BAYI,LAMPIN PAKAI BUANG,https://img.manamurah.com/barang_nobg/1973.png,200,image/png,162212,valid
1974,DRYPERS DRYPANTZ,M60,SUSU DAN BARANGAN BAYI,LAMPIN PAKAI BUANG,https://img.manamurah.com/barang_nobg/1974.png,200,image/png,162212,valid
1975,HUGGIES DRY PANTS,M60,SUSU DAN BARANGAN BAYI,LAMPIN PAKAI BUANG,https://img.manamurah.com/barang_nobg/1975.png,200,image/png,162212,valid
1976,MAGGI MI SEGERA PERISA KARI,5 X 79g,BARANGAN BERBUNGKUS,MI SEGERA,https://img.manamurah.com/barang_nobg/1976.png,200,image/png,162212,valid
1977,CINTAN MI SEGERA PERISA AYAM,5 X 75g,BARANGAN BERBUNGKUS,MI SEGERA,https://img.manamurah.com/barang_nobg/1977.png,200,image/png,162212,valid
1978,MI SEDAP MI GORENG PERISA ASLI,5 X 90g,BARANGAN BERBUNGKUS,MI SEGERA,https://img.manamurah.com/barang_nobg/1978.png,200,image/png,28991,valid
1979,SABUN MANDIAN LIFEBUOY (COOL FRESH),300ml,PRODUK KEBERSIHAN,PENJAGAAN DIRI,https://img.manamurah.com/barang_nobg/1979.png,200,image/png,162212,valid
1980,SABUN MANDIAN DETTOL ANTIBACTERIAL (FRESH),500 ml,PRODUK KEBERSIHAN,PENJAGAAN DIRI,https://img.manamurah.com/barang_nobg/1980.png,200,image/png,162212,valid
1981,SABUN MANDIAN LUX (MAGICAL SPELL),220 ml,PRODUK KEBERSIHAN,PENJAGAAN DIRI,https://img.manamurah.com/barang_nobg/1981.png,200,image/png,162212,valid
1982,SYAMPU REJOICE (RICH SOFT SMOOTH),340ml,PRODUK KEBERSIHAN,PENJAGAAN DIRI,https://img.manamurah.com/barang_nobg/1982.png,200,image/png,162212,valid
1983,SYAMPU PANTENE PRO-V (HAIR FALL CONTROL),340ml,PRODUK KEBERSIHAN,PENJAGAAN DIRI,https://img.manamurah.com/barang_nobg/1983.png,200,image/png,162212,valid
1984,SYAMPU HEAD & SHOULDERS (SMOOTH & SILKY),330 ml,PRODUK KEBERSIHAN,PENJAGAAN DIRI,https://img.manamurah.com/barang_nobg/1984.png,200,image/png,39859,valid
1985,TUALA WANITA KOTEX SOFT & SMOOTH (MAXI - NON WING),10 PAD,PRODUK KEBERSIHAN,PENJAGAAN DIRI,https://img.manamurah.com/barang_nobg/1985.png,200,image/png,162212,valid
1986,TUALA WANITA LIBRESSE (MAXI - NON WING),10 PAD,PRODUK KEBERSIHAN,PENJAGAAN DIRI,https://img.manamurah.com/barang_nobg/1986.png,200,image/png,162212,valid
1987,DEODORAN NIVEA MAN (BLACK & WHITE INVISIBLE - ORIGINAL),150 ml,PRODUK KEBERSIHAN,PENJAGAAN DIRI,https://img.manamurah.com/barang_nobg/1987.png,200,image/png,162212,valid
1988,DEODORAN NIVEA (EXTRA BRIGHTENING),150 ml,PRODUK KEBERSIHAN,PENJAGAAN DIRI,https://img.manamurah.com/barang_nobg/1988.png,200,image/png,162212,valid
1989,DEODORAN REXONA MEN (SPORT DEFENSE),50 ml,PRODUK KEBERSIHAN,PENJAGAAN DIRI,https://img.manamurah.com/barang_nobg/1989.png,200,image/png,162212,valid
1990,DEODORAN REXONA (POWDER DRY BRIGHTENING),50 ml,PRODUK KEBERSIHAN,PENJAGAAN DIRI,https://img.manamurah.com/barang_nobg/1990.png,200,image/png,162212,valid
1991,SABUN SERBUK BREEZE (POWER CLEAN),750 g,PRODUK KEBERSIHAN,PENJAGAAN RUMAH,https://img.manamurah.com/barang_nobg/1991.png,200,image/png,162212,valid
1992,SABUN SERBUK ATTACK (AROMA FRESH + COLOUR),800 g,PRODUK KEBERSIHAN,PENJAGAAN RUMAH,https://img.manamurah.com/barang_nobg/1992.png,200,image/png,162212,valid
1993,SABUN SERBUK TOP (SUPER COLOUR),750 g,PRODUK KEBERSIHAN,PENJAGAAN RUMAH,https://img.manamurah.com/barang_nobg/1993.png,200,image/png,162212,valid
1994,DYNAMO POWER GEL (PERFECT CLEAN),3 kg,PRODUK KEBERSIHAN,PENJAGAAN RUMAH,https://img.manamurah.com/barang_nobg/1994.png,200,image/png,162212,valid
1995,DAIA EXCELLENT WASHING POWER (EUA DE PARFUM),750 g,PRODUK KEBERSIHAN,PENJAGAAN RUMAH,https://img.manamurah.com/barang_nobg/1995.png,200,image/png,162212,valid
1996,PELEMBUT PAKAIAN - SOFTLAN (FLORAL FANTASY),1 liter,PRODUK KEBERSIHAN,PENJAGAAN RUMAH,https://img.manamurah.com/barang_nobg/1996.png,200,image/png,162212,valid
1998,PENCUCI PELBAGAI GUNA DETTOL (LAVENDER),2.5 liter,PRODUK KEBERSIHAN,PENJAGAAN RUMAH,https://img.manamurah.com/barang_nobg/1998.png,200,image/png,162212,valid
1999,PENCUCI PELBAGAI GUNA MR MUSCLE (LAVENDER),2 liter,PRODUK KEBERSIHAN,PENJAGAAN RUMAH,https://img.manamurah.com/barang_nobg/1999.png,200,image/png,162212,valid
2000,PENCUCI PELBAGAI GUNA AJAX FABULOSO (LAVENDER),2 liter,PRODUK KEBERSIHAN,PENJAGAAN RUMAH,https://img.manamurah.com/barang_nobg/2000.png,200,image/png,162212,valid
2001,DUMEX DUPRO 2 (RUMUSAN SUSULAN),850g,SUSU DAN BARANGAN BAYI,SUSU BAYI,https://img.manamurah.com/barang_nobg/2001.png,200,image/png,162212,valid
2002,PELUNTUR CLOROX (ORIGINAL),1 liter,PRODUK KEBERSIHAN,PENJAGAAN RUMAH,https://img.manamurah.com/barang_nobg/2002.png,200,image/png,162212,valid
2003,BIHUN KERING IMPORT (PELBAGAI JENAMA),400 g,BARANGAN BERBUNGKUS,BIHUN,https://img.manamurah.com/barang_nobg/2003.png,200,image/png,162212,valid
2004,BERAS SUPER IMPORT CAP FAMILY,10 kg,BARANGAN BERBUNGKUS,BERAS,https://img.manamurah.com/barang_nobg/2004.png,200,image/png,46229,valid
2008,SUSU TEPUNG PENUH KRIM SEGERA NESPRAY,480 g,BARANGAN BERBUNGKUS,KRIMER DAN SUSU TEPUNG,https://img.manamurah.com/barang_nobg/2008.png,200,image/png,162212,valid
2009,DUTCH LADY 123 (PELBAGAI PERISA),850g,SUSU DAN BARANGAN BAYI,SUSU BAYI,https://img.manamurah.com/barang_nobg/2009.png,200,image/png,162212,valid
2010,DUTCH LADY 456 (PELBAGAI PERISA),850g,SUSU DAN BARANGAN BAYI,SUSU BAYI,https://img.manamurah.com/barang_nobg/2010.png,200,image/png,162212,valid
2011,KIUB SUP TOM YAM (MAGGI),6 X 10g,BARANGAN BERBUNGKUS,REMPAH RATUS (BERBUNGKUS),https://img.manamurah.com/barang_nobg/2011.png,200,image/png,162212,valid
2012,KICAP TAMIN (DARK SOY SAUCE),350ml,BARANGAN BERBUNGKUS,KICAP DAN SOS,https://img.manamurah.com/barang_nobg/2012.png,200,image/png,162200,valid
2013,KRAFT DAIRYLEA SINGLES CHEESE 12 SLICES,250 g,BARANGAN BERBUNGKUS,SAPUAN (SPREADS),https://img.manamurah.com/barang_nobg/2013.png,200,image/png,162212,valid
2014,ENFAGROW A+ MIND PRO LANGKAH 3 (PELBAGAI PERISA) (KOTAK),500 g,SUSU DAN BARANGAN BAYI,SUSU BAYI,https://img.manamurah.com/barang_nobg/2014.png,200,image/png,162212,valid
2015,PETPET PANTS GOLD+,M60,SUSU DAN BARANGAN BAYI,LAMPIN PAKAI BUANG,https://img.manamurah.com/barang_nobg/2015.png,200,image/png,162212,valid
2016,SABUN SERBUK FAB (PERFECT),680g,PRODUK KEBERSIHAN,PENJAGAAN RUMAH,https://img.manamurah.com/barang_nobg/2016.png,200,image/png,162212,valid
2017,DYNAMO POWER GEL (PERFECT CLEAN),2.6kg,PRODUK KEBERSIHAN,PENJAGAAN RUMAH,https://img.manamurah.com/barang_nobg/2017.png,200,image/png,162212,valid
2018,SABUN PENCUCI SUNLIGHT (LEMON),900ml,PRODUK KEBERSIHAN,PENJAGAAN RUMAH,https://img.manamurah.com/barang_nobg/2018.png,200,image/png,162212,valid
2019,NESCAFE 3 IN 1 ORIGINAL (AROMATIC & BALANCED),25 x 18g,MINUMAN,BAHAN-BAHAN MINUMAN,https://img.manamurah.com/barang_nobg/2019.png,200,image/png,162212,valid
2020,YOGURT LACTEL (FAT FREE) (STRAWBERRY),130g,MINUMAN,TERSEDIA MINUM,https://img.manamurah.com/barang_nobg/2020.png,200,image/png,162212,valid
2022,LEPAAN BUTTERCUP,227g,BARANGAN BERBUNGKUS,SAPUAN (SPREADS),https://img.manamurah.com/barang_nobg/2022.png,404,,0,missing
2025,SUSU TEPUNG SEGERA EVERYDAY,500 g,BARANGAN BERBUNGKUS,KRIMER DAN SUSU TEPUNG,https://img.manamurah.com/barang_nobg/2025.png,404,,0,missing
2027,NAN LANGKAH 1 RUMUSAN BAYI (KOTAK),600 g,SUSU DAN BARANGAN BAYI,SUSU BAYI,https://img.manamurah.com/barang_nobg/2027.png,404,,0,missing
2030,NAN LANGKAH 2 RUMUSAN SUSULAN (KOTAK),600 g,SUSU DAN BARANGAN BAYI,SUSU BAYI,https://img.manamurah.com/barang_nobg/2030.png,404,,0,missing
2031,S-26 RUMUSAN BAYI LANGKAH 1 - (KOTAK),600 g,SUSU DAN BARANGAN BAYI,SUSU BAYI,https://img.manamurah.com/barang_nobg/2031.png,404,,0,missing
2032,PETPET GOLD+,"M64, L54, XL42",SUSU DAN BARANGAN BAYI,LAMPIN PAKAI BUANG,https://img.manamurah.com/barang_nobg/2032.png,404,,0,missing
2036,TEPUNG GANDUM CAP KUDA HIJAU,1kg,BARANGAN BERBUNGKUS,TEPUNG,https://img.manamurah.com/barang_nobg/2036.png,404,,0,missing
2037,BIHUN KERING (CAP LONGKOU),400 g,BARANGAN BERBUNGKUS,BIHUN,https://img.manamurah.com/barang_nobg/2037.png,404,,0,missing
2042,PETPET PANTS GOLD+,"M56, L46, XL38",SUSU DAN BARANGAN BAYI,LAMPIN PAKAI BUANG,https://img.manamurah.com/barang_nobg/2042.png,404,,0,missing
2045,IKAN SELAYANG/SARDIN (ANTARA 8-12 EKOR SEKILOGRAM),1kg,BARANGAN SEGAR,BAHAN LAUT,https://img.manamurah.com/barang_nobg/2045.png,404,,0,missing
2047,IKAN TONGKOL/AYA/KAYU HITAM/PUTIH (ANTARA 1 HINGGA 2 EKOR SEKILOGRAM),1kg,BARANGAN SEGAR,BAHAN LAUT,https://img.manamurah.com/barang_nobg/2047.png,404,,0,missing
2056,SABUN PENCUCI AXION PASTE (PELBAGAI JENIS),325 g,PRODUK KEBERSIHAN,PENJAGAAN RUMAH,https://img.manamurah.com/barang_nobg/2056.png,404,,0,missing
2060,SUSU MARIGOLD HL,946ML,MINUMAN,TERSEDIA MINUM,https://img.manamurah.com/barang_nobg/2060.png,404,,0,missing
2062,S-26 SMA RUMUSAN BAYI LANGKAH 1 - (KOTAK) (550g),550 g,SUSU DAN BARANGAN BAYI,SUSU BAYI,https://img.manamurah.com/barang_nobg/2062.png,404,,0,missing
2066,BERAS PUTIH CAP FAIZA EMAS (IMPORT),10 kg,BARANGAN BERBUNGKUS,BERAS,https://img.manamurah.com/barang_nobg/2066.png,404,,0,missing
2068,BERAS CAP JASMINE SUPER 5 SPECIAL (IMPORT),10 kg,BARANGAN BERBUNGKUS,BERAS,https://img.manamurah.com/barang_nobg/2068.png,404,,0,missing
2086,SAWI PENDEK/JEPUN/SIOW PAK CHOY (1KG),1kg,BARANGAN SEGAR,SAYUR-SAYURAN,https://img.manamurah.com/barang_nobg/2086.png,404,,0,missing
2087,LOBAK PUTIH (1KG),1kg,BARANGAN SEGAR,SAYUR-SAYURAN,https://img.manamurah.com/barang_nobg/2087.png,404,,0,missing
2097,SUSTAGEN ALL-IN-ONE (PELBAGAI PERISA),600 g,SUSU DAN BARANGAN BAYI,SUSU BAYI,https://img.manamurah.com/barang_nobg/2097.png,404,,0,missing
2098,DRYPERS WEE WEE DRY,"S80, M60, L58, XL50",SUSU DAN BARANGAN BAYI,LAMPIN PAKAI BUANG,https://img.manamurah.com/barang_nobg/2098.png,404,,0,missing
2099,HUGGIES DRY TAPE,"S80, M60, L54, XL42",SUSU DAN BARANGAN BAYI,LAMPIN PAKAI BUANG,https://img.manamurah.com/barang_nobg/2099.png,404,,0,missing
2100,DRYPERS DRYPANTZ,"M58, L48, XL42",SUSU DAN BARANGAN BAYI,LAMPIN PAKAI BUANG,https://img.manamurah.com/barang_nobg/2100.png,404,,0,missing
2101,HUGGIES DRY PANTS,"S66, M50, L40, XL32",SUSU DAN BARANGAN BAYI,LAMPIN PAKAI BUANG,https://img.manamurah.com/barang_nobg/2101.png,404,,0,missing
2102,SABUN MANDIAN LIFEBUOY (PELBAGAI JENIS),920 ML,PRODUK KEBERSIHAN,PENJAGAAN DIRI,https://img.manamurah.com/barang_nobg/2102.png,404,,0,missing
2103,SABUN MANDIAN DETTOL (PELBAGAI JENIS),950g,PRODUK KEBERSIHAN,PENJAGAAN DIRI,https://img.manamurah.com/barang_nobg/2103.png,404,,0,missing
2104,FERNLEAF 1-3 TAHUN (PELBAGAI PERISA),850g,SUSU DAN BARANGAN BAYI,SUSU BAYI,https://img.manamurah.com/barang_nobg/2104.png,404,,0,missing
2105,FERNLEAF 4-6 TAHUN (PELBAGAI PERISA),850g,SUSU DAN BARANGAN BAYI,SUSU BAYI,https://img.manamurah.com/barang_nobg/2105.png,404,,0,missing
2106,SYAMPU REJOICE (PELBAGAI JENIS),600 ml,PRODUK KEBERSIHAN,PENJAGAAN DIRI,https://img.manamurah.com/barang_nobg/2106.png,404,,0,missing
2107,UBI KENTANG IMPORT (PAKISTAN),1kg,BARANGAN KERING,UBI KENTANG,https://img.manamurah.com/barang_nobg/2107.png,404,,0,missing
2108,SYAMPU SUNSILK (PELBAGAI JENIS),625ml,PRODUK KEBERSIHAN,PENJAGAAN DIRI,https://img.manamurah.com/barang_nobg/2108.png,404,,0,missing
2109,SABUN SERBUK BREEZE (PELBAGAI JENIS),2.1kg,PRODUK KEBERSIHAN,PENJAGAAN RUMAH,https://img.manamurah.com/barang_nobg/2109.png,404,,0,missing
2110,SABUN DETERGEN TOP (PELBAGAI JENIS),3.6 KG,PRODUK KEBERSIHAN,PENJAGAAN RUMAH,https://img.manamurah.com/barang_nobg/2110.png,404,,0,missing
2111,SABUN DAIA EXCELLENT WASHING POWER (PELBAGAI JENIS),2.1kg,PRODUK KEBERSIHAN,PENJAGAAN RUMAH,https://img.manamurah.com/barang_nobg/2111.png,404,,0,missing
2112,SABUN PENCUCI SUNLIGHT (PELBAGAI JENIS),800ml,PRODUK KEBERSIHAN,PENJAGAAN RUMAH,https://img.manamurah.com/barang_nobg/2112.png,404,,0,missing
2113,KORDIAL SUNQUICK (OREN),700ml,MINUMAN,BAHAN-BAHAN MINUMAN,https://img.manamurah.com/barang_nobg/2113.png,404,,0,missing
2114,MILO (PAKET),900 g,MINUMAN,BAHAN-BAHAN MINUMAN,https://img.manamurah.com/barang_nobg/2114.png,404,,0,missing
2115,INDOCAFE (ORIGINAL BLEND) (PAKET),200 g,MINUMAN,BAHAN-BAHAN MINUMAN,https://img.manamurah.com/barang_nobg/2115.png,404,,0,missing
